{    "components": [        
{            
"type": "patchouli:header",            
"text": "锻造台",            
"x": -1,            
"y": -1        
},
{
"type": "patchouli:item", 
"item": "#smithing_a#",
"framed": true,
"x": 4,            
"y": 18
},
{
"type": "patchouli:item", 
"item": "#smithing_b#",
"framed": true,
"x": 27,            
"y": 18
},
{
"type": "patchouli:item", 
"item": "#smithing_c#",
"framed": true,
"x": 50,            
"y": 18
},
{
"type": "patchouli:item", 
"item": "#smithing_d#",
"framed": true,
"x": 73,            
"y": 18
},
{
"type": "patchouli:item", 
"item": "#smithing_e#",
"framed": true,
"x": 96,            
"y": 18
},
{
"type": "patchouli:item", 
"item": "#addition_item#",
"framed": true,
"x": 50,            
"y": 42
},
{
"type": "patchouli:item", 
"item": "#result_a#",
"framed": true,
"x": 4,            
"y": 66
},
{
"type": "patchouli:item", 
"item": "#result_b#",
"framed": true,
"x": 27,            
"y": 66
},
{
"type": "patchouli:item", 
"item": "#result_c#",
"framed": true,
"x": 50,            
"y": 66
},
{
"type": "patchouli:item", 
"item": "#result_d#",
"framed": true,
"x": 73,            
"y": 66
},
{
"type": "patchouli:item", 
"item": "#result_e#",
"framed": true,
"x": 96,            
"y": 66
},
{
"type": "patchouli:image",                        
"x": 35,            
"y": 46,
"image": "amethyst_imbuement:textures/gui/patchouli/book_icons.png",
"width": 9,
"height": 9,
"u": 10,
"v": 0,
"texture_width": 32,
"texture_height": 16
},
{
"type": "patchouli:image",                        
"x": 72,            
"y": 46,
"image": "amethyst_imbuement:textures/gui/patchouli/book_icons.png",
"width": 9,
"height": 9,
"u": 0,
"v": 0,
"texture_width": 32,
"texture_height": 16
}

]}












