{    "components": [        
{            
"type": "patchouli:header",            
"text": "#title#",            
"x": -1,            
"y": -1        
},
{
"type": "patchouli:item", 
"item": "#imbue_a_item#",
"framed": true,
"x": 4,            
"y": 14
},
{
"type": "patchouli:item", 
"item": "#imbue_b_item#",
"framed": true,
"x": 96,            
"y": 14
},
{
"type": "patchouli:item", 
"item": "#imbue_c_item#",
"framed": true,
"x": 4,            
"y": 106
},
{
"type": "patchouli:item", 
"item": "#imbue_d_item#",
"framed": true,
"x": 96,            
"y": 106
},
{
"type": "patchouli:item", 
"item": "#craft_a_item#",
"framed": true,
"x": 27,            
"y": 37
},
{
"type": "patchouli:item", 
"item": "#craft_b_item#",
"framed": true,
"x": 50,            
"y": 37
},
{
"type": "patchouli:item", 
"item": "#craft_c_item#",
"framed": true,
"x": 73,            
"y": 37
},
{
"type": "patchouli:item", 
"item": "#craft_d_item#",
"framed": true,
"x": 27,            
"y": 60
},
{
"type": "patchouli:item", 
"item": "#craft_e_item#",
"framed": true,
"x": 50,            
"y": 60
},
{
"type": "patchouli:item", 
"item": "#craft_f_item#",
"framed": true,
"x": 73,            
"y": 60
},
{
"type": "patchouli:item", 
"item": "#craft_g_item#",
"framed": true,
"x": 27,            
"y": 83
},
{
"type": "patchouli:item", 
"item": "#craft_h_item#",
"framed": true,
"x": 50,            
"y": 83
},
{
"type": "patchouli:item", 
"item": "#craft_i_item#",
"framed": true,
"x": 73,            
"y": 83
},
{
"type": "patchouli:item", 
"item": "#result_item#",
"framed": true,
"link_recipe": true,
"x": 50,            
"y": 123
},
{
"type": "patchouli:text", 
"text": "#cost_text#",
"x": 28,            
"y": 18
},
{
"type": "patchouli:image",                        
"x": 53,            
"y": 107,
"image": "amethyst_imbuement:textures/gui/patchouli/book_icons.png",
"width": 9,
"height": 9,
"u": 0,
"v": 0,
"texture_width": 32,
"texture_height": 16
}
]}












