{    "components": [        
{            
"type": "patchouli:header",            
"text": "合成谱系",
"x": -1,            
"y": -1        
},
{
"type": "patchouli:item", 
"item": "amethyst_imbuement:opaline_scepter",
"framed": true,
"x": 50,            
"y": 18
},
{
"type": "patchouli:image",                        
"x": 25,
"y": 55,
"image": "patchouli:textures/gui/crafting.png",
"width": 66,
"height": 26,
"u": 0,
"v": 102,
"texture_width": 128,
"texture_height": 256
},
{
"type": "patchouli:item", 
"item": "#input_item#",
"framed": false,
"x": 50,
"y": 60
},
{
"type": "patchouli:item", 
"item": "#desc_a#",
"framed": true,
"x": 8,
"y": 92
},
{
"type": "patchouli:item", 
"item": "#desc_b#",
"framed": true,
"x": 11,
"y": 120
},
{
"type": "patchouli:item", 
"item": "#desc_c#",
"framed": true,
"x": 38,
"y": 125
},  
{
    "type": "patchouli:item",
    "item": "#desc_c#",
    "framed": true,
    "x": 62,
    "y": 125
  },
{
"type": "patchouli:item", 
"item": "#desc_e#",
"framed": true,
"x": 80,
"y": 92
},
{
"type": "patchouli:item", 
"item": "#desc_f#",
"framed": true,
"x": 89,
"y": 120
},
{
"type": "patchouli:image",                        
"x": 54,
"y": 43,
"image": "amethyst_imbuement:textures/gui/patchouli/book_icons.png",
"width": 9,
"height": 9,
"u": 0,
"v": 0,
"texture_width": 32,
"texture_height": 16
},
{
"type": "patchouli:image",                        
"x": 50,
"y": 90,
"image": "amethyst_imbuement:textures/gui/patchouli/book_icons_3.png",
"width": 17,
"height": 16,
"u": 0,
"v": 0,
"texture_width": 32,
"texture_height": 16
}
]}
