{    "components": [        
{            
"type": "patchouli:header",            
"text": "合成谱系",
"x": -1,            
"y": -1        
},
{
"type": "patchouli:image",                        
"x": 25,
"y": 80,
"image": "patchouli:textures/gui/crafting.png",
"width": 66,
"height": 26,
"u": 0,
"v": 102,
"texture_width": 128,
"texture_height": 256
},
{
"type": "patchouli:item", 
"item": "#input_item#",
"framed": false,
"x": 50,            
"y": 85
},
{
"type": "patchouli:item", 
"item": "#anc_a#",
"framed": true,
"x": 50,
"y": 35
},
{
"type": "patchouli:item", 
"item": "#anc_b#",
"framed": true,
"x": 25,
"y": 45
},
  {
"type": "patchouli:item", 
"item": "#anc_c#",
"framed": true,
"x": 75,
"y": 45
},

{
"type": "patchouli:image",                        
"x": 54,
"y": 62,
"image": "amethyst_imbuement:textures/gui/patchouli/book_icons.png",
"width": 9,
"height": 9,
"u": 0,
"v": 0,
"texture_width": 32,
"texture_height": 16
}
]}
