{    "components": [
  {
    "type": "patchouli:item",
    "item": "amethyst_imbuement:blazing_scepter{modifiers:[{modifier_id:\"amethyst_imbuement:fire_aspect\"}]}",
    "framed": true,
    "x": 10,
    "y": 4
  },
  {
    "type": "patchouli:item",
    "item": "amethyst_imbuement:sparking_scepter{modifiers:[{modifier_id:\"amethyst_imbuement:lightning_aspect\"}]}",
    "framed": true,
    "x": 33,
    "y": 4
  },
  {
    "type": "patchouli:item",
    "item": "amethyst_imbuement:frosted_scepter{modifiers:[{modifier_id:\"amethyst_imbuement:ice_aspect\"}]}",
    "framed": true,
    "x": 56,
    "y": 4
  },
  {
    "type": "patchouli:image",
    "x": 80,
    "y": 8,
    "image": "amethyst_imbuement:textures/gui/patchouli/book_icons.png",
    "width": 9,
    "height": 9,
    "u": 20,
    "v": 0,
    "texture_width": 32,
    "texture_height": 16
  },
  {
    "type": "patchouli:item",
    "item": "amethyst_imbuement:scepter_of_blades{modifiers:[{modifier_id:\"amethyst_imbuement:blade_aspect\"}]}",
    "framed": true,
    "x": 10,
    "y": 28
  },
  {
    "type": "patchouli:item",
    "item": "amethyst_imbuement:corrupted_scepter{modifiers:[{modifier_id:\"amethyst_imbuement:necrotic\"}]}",
    "framed": true,
    "x": 33,
    "y": 28
  },
  {
    "type": "patchouli:item",
    "item": "amethyst_imbuement:scepter_of_agonies{modifiers:[{modifier_id:\"amethyst_imbuement:enduring\"}]}",
    "framed": true,
    "x": 56,
    "y": 28
  },
  {
    "type": "patchouli:image",
    "x": 80,
    "y": 32,
    "image": "amethyst_imbuement:textures/gui/patchouli/book_icons.png",
    "width": 9,
    "height": 9,
    "u": 20,
    "v": 0,
    "texture_width": 32,
    "texture_height": 16
  },
  {
    "type": "patchouli:item",
    "item": "amethyst_imbuement:builders_scepter{modifiers:[{modifier_id:\"amethyst_imbuement:builders_aspect\"},{modifier_id:\"amethyst_imbuement:lesser_reach\"}]}",
    "framed": true,
    "x": 10,
    "y": 55
  },
  {
    "type": "patchouli:item",
    "item": "amethyst_imbuement:travelers_scepter{modifiers:[{modifier_id:\"amethyst_imbuement:traveler\"}]}",
    "framed": true,
    "x": 33,
    "y": 55
  },
  {
    "type": "patchouli:item",
    "item": "amethyst_imbuement:scepter_of_recall{modifiers:[{modifier_id:\"amethyst_imbuement:greater_reach\"}]}",
    "framed": true,
    "x": 56,
    "y": 55
  },
  {
    "type": "patchouli:image",
    "x": 80,
    "y": 59,
    "image": "amethyst_imbuement:textures/gui/patchouli/book_icons.png",
    "width": 9,
    "height": 9,
    "u": 20,
    "v": 0,
    "texture_width": 32,
    "texture_height": 16
  },
  {
    "type": "patchouli:item",
    "item": "amethyst_imbuement:scepter_of_summoning{modifiers:[{modifier_id:\"amethyst_imbuement:summoners_aspect\"}]}",
    "framed": true,
    "x": 10,
    "y": 79
  },
  {
    "type": "patchouli:item",
    "item": "amethyst_imbuement:scepter_of_insight{modifiers:[{modifier_id:\"amethyst_imbuement:insightful\"}]}",
    "framed": true,
    "x": 33,
    "y": 79
  },
  {
    "type": "patchouli:item",
    "item": "amethyst_imbuement:persuasive_scepter{modifiers:[{modifier_id:\"amethyst_imbuement:witty\"},{modifier_id:\"amethyst_imbuement:lesser_attuned\"}]}",
    "framed": true,
    "x": 56,
    "y": 79
  },
  {
    "type": "patchouli:image",
    "x": 80,
    "y": 83,
    "image": "amethyst_imbuement:textures/gui/patchouli/book_icons.png",
    "width": 9,
    "height": 9,
    "u": 20,
    "v": 0,
    "texture_width": 32,
    "texture_height": 16
  },
  {
    "type": "patchouli:item",
    "item": "amethyst_imbuement:scepter_of_the_pacifist{modifiers:[{modifier_id:\"amethyst_imbuement:healers_grace\"}, {modifier_id:\"amethyst_imbuement:healers_pact\"}]}",
    "framed": true,
    "x": 10,
    "y": 106
  },
  {
    "type": "patchouli:item",
    "item": "amethyst_imbuement:clerics_scepter{modifiers:[{modifier_id:\"amethyst_imbuement:healing\"}]}",
    "framed": true,
    "x": 33,
    "y": 106
  },
  {
    "type": "patchouli:item",
    "item": "amethyst_imbuement:bardic_scepter{modifiers:[{modifier_id:\"amethyst_core:attuned\"},{modifier_id:\"amethyst_imbuement:lesser_enduring\"}]}",
    "framed": true,
    "x": 56,
    "y": 106
  },
  {
    "type": "patchouli:image",
    "x": 80,
    "y": 110,
    "image": "amethyst_imbuement:textures/gui/patchouli/book_icons.png",
    "width": 9,
    "height": 9,
    "u": 20,
    "v": 0,
    "texture_width": 32,
    "texture_height": 16
  },
  {
    "type": "patchouli:item",
    "item": "amethyst_imbuement:scepter_of_the_paladin{modifiers:[{modifier_id:\"amethyst_imbuement:protective\"},{modifier_id:\"amethyst_imbuement:lesser_enduring\"}]}",
    "framed": true,
    "x": 10,
    "y": 130
  },
  {
    "type": "patchouli:item",
    "item": "amethyst_imbuement:scepter_of_the_vanguard{modifiers:[{modifier_id:\"amethyst_imbuement:smiting\"},{modifier_id:\"amethyst_imbuement:graceful\"}]}",
    "framed": true,
    "x": 33,
    "y": 130
  },
  {
    "type": "patchouli:item",
    "item": "amethyst_imbuement:scepter_of_harvests{modifiers:[{modifier_id:\"amethyst_imbuement:reach\"},{modifier_id:\"amethyst_imbuement:lesser_thrifty\"}]}",
    "framed": true,
    "x": 56,
    "y": 130
  },
  {
    "type": "patchouli:image",
    "x": 80,
    "y": 134,
    "image": "amethyst_imbuement:textures/gui/patchouli/book_icons.png",
    "width": 9,
    "height": 9,
    "u": 20,
    "v": 0,
    "texture_width": 32,
    "texture_height": 16
  },
  {
    "type": "patchouli:item",
    "item": "amethyst_imbuement:equinox{modifiers:[{modifier_id:\"amethyst_imbuement:elemental\"}, {modifier_id:\"amethyst_imbuement:furious\"}]}",
    "framed": true,
    "x": 95,
    "y": 4
  },
  {
    "type": "patchouli:item",
    "item": "amethyst_imbuement:lethality{modifiers:[{modifier_id:\"amethyst_imbuement:dangerous\"},{modifier_id:\"amethyst_imbuement:pact_of_danger\"}]}",
    "framed": true,
    "x": 95,
    "y": 28
  },
  {
    "type": "patchouli:item",
    "item": "amethyst_imbuement:sojourn{modifiers:[{modifier_id:\"amethyst_imbuement:witty\"},{modifier_id:\"amethyst_imbuement:traveler\"}]}",
    "framed": true,
    "x": 95,
    "y": 55
  },
  {
    "type": "patchouli:item",
    "item": "amethyst_imbuement:resonance{modifiers:[{modifier_id:\"amethyst_imbuement:echoing\"},{modifier_id:\"amethyst_imbuement:skillful\"}]}",
    "framed": true,
    "x": 95,
    "y": 79
  },
  {
    "type": "patchouli:item",
    "item": "amethyst_imbuement:redemption{modifiers:[{modifier_id:\"amethyst_imbuement:healers_grace\"},{modifier_id:\"amethyst_imbuement:healers_pact\"},{modifier_id:\"amethyst_imbuement:lesser_enduring\"}]}",
    "framed": true,
    "x": 95,
    "y": 106
  },
  {
    "type": "patchouli:item",
    "item": "amethyst_imbuement:aegis{modifiers:[{modifier_id:\"amethyst_imbuement:protective\"},{modifier_id:\"amethyst_imbuement:smiting\"}]}",
    "framed": true,
    "x": 95,
    "y": 130
  }

]}
