{    "components": [
  {
    "type": "patchouli:header",
    "text": "法杖升级树",
    "x": -1,
    "y": -1
  },
  {
    "type": "patchouli:item",
    "item": "amethyst_imbuement:opaline_scepter",
    "framed": true,
    "x": 10,
    "y": 67
  },
  {
    "type": "patchouli:image",
    "x": 35,
    "y": 70,
    "image": "amethyst_imbuement:textures/gui/patchouli/book_icons.png",
    "width": 9,
    "height": 9,
    "u": 20,
    "v": 0,
    "texture_width": 32,
    "texture_height": 16
  },
  {
    "type": "patchouli:image",
    "x": 36,
    "y": 42,
    "image": "amethyst_imbuement:textures/gui/patchouli/book_icons_2.png",
    "width": 9,
    "height": 9,
    "u": 10,
    "v": 0,
    "texture_width": 32,
    "texture_height": 16
  },
  {
    "type": "patchouli:image",
    "x": 36,
    "y": 100,
    "image": "amethyst_imbuement:textures/gui/patchouli/book_icons_2.png",
    "width": 9,
    "height": 9,
    "u": 0,
    "v": 0,
    "texture_width": 32,
    "texture_height": 16
  },
  {
    "type": "patchouli:text",
    "text": "愤怒",
    "color": "FF5555",
    "x": 65,
    "y": 37
  },
  {
    "type": "patchouli:text",
    "text": "智慧",
    "color": "00AA00",
    "x": 68,
    "y": 87
  },
  {
    "type": "patchouli:text",
    "text": "恩典",
    "color": "5555FF",
    "x": 63,
    "y": 139
  },
  {
    "type": "patchouli:image",
    "x": 99,
    "y": 70,
    "image": "amethyst_imbuement:textures/gui/patchouli/book_icons_2.png",
    "width": 10,
    "height": 10,
    "u": 20,
    "v": 0,
    "texture_width": 32,
    "texture_height": 16
  },
  {
    "type": "patchouli:image",
    "x": 99,
    "y": 20,
    "image": "amethyst_imbuement:textures/gui/patchouli/book_icons_2.png",
    "width": 10,
    "height": 10,
    "u": 20,
    "v": 0,
    "texture_width": 32,
    "texture_height": 16
  },
  {
    "type": "patchouli:image",
    "x": 99,
    "y": 122,
    "image": "amethyst_imbuement:textures/gui/patchouli/book_icons_2.png",
    "width": 10,
    "height": 10,
    "u": 20,
    "v": 0,
    "texture_width": 32,
    "texture_height": 16
  },
  {
    "type": "patchouli:item",
    "item": "amethyst_imbuement:furious_scepter{modifiers:[{modifier_id:\"amethyst_imbuement:furious\"}]}",
    "framed": true,
    "x": 52,
    "y": 17
  },
  {
    "type": "patchouli:item",
    "item": "amethyst_imbuement:dangerous_scepter{modifiers:[{modifier_id:\"amethyst_imbuement:dangerous\"}, {modifier_id:\"amethyst_imbuement:pact_of_danger\"}]}",
    "framed": true,
    "x": 75,
    "y": 17
  },
  {
    "type": "patchouli:item",
    "item": "amethyst_imbuement:witty_scepter{modifiers:[{modifier_id:\"amethyst_imbuement:witty\"}]}",
    "framed": true,
    "x": 52,
    "y": 67
  },
  {
    "type": "patchouli:item",
    "item": "amethyst_imbuement:skillful_scepter{modifiers:[{modifier_id:\"amethyst_imbuement:skillful\"}]}",
    "framed": true,
    "x": 75,
    "y": 67
  },
  {
    "type": "patchouli:item",
    "item": "amethyst_imbuement:graceful_scepter{modifiers:[{modifier_id:\"amethyst_imbuement:graceful\"}]}",
    "framed": true,
    "x": 52,
    "y": 119
  },
  {
    "type": "patchouli:item",
    "item": "amethyst_imbuement:enduring_scepter{modifiers:[{modifier_id:\"amethyst_imbuement:lesser_enduring\"}]}",
    "framed": true,
    "x": 75,
    "y": 119
  }
]}
