{    
"name": "危险寒霜路线",
"icon": "amethyst_imbuement:frosted_scepter",
"category": "amethyst_imbuement:scepter_equinox_routes",
"pages": [        
{            
"type": "patchouli:text",            
"text": "如果你想用刺骨的严寒把敌人冻成冰块，请沿此路线踏上均衡之道。寒冰类法术获得极大提升，危险符文能够提升伤害。元素符文进一步强化了所有的元素魔法，愤怒符文使愤怒法术能获得两倍的施法经验值。"
},
{
  "type": "amethyst_imbuement:scepter_route",
  "tier_1": "amethyst_imbuement:dangerous_scepter{modifiers:[{modifier_id:\"amethyst_imbuement:dangerous\"}, {modifier_id:\"amethyst_imbuement:pact_of_danger\"}]}",
  "tier_2": "amethyst_imbuement:frosted_scepter{modifiers:[{modifier_id:\"amethyst_imbuement:ice_aspect\"},{modifier_id:\"amethyst_imbuement:dangerous\"}, {modifier_id:\"amethyst_imbuement:pact_of_danger\"}]}",
  "tier_3": "amethyst_imbuement:equinox{modifiers:[{modifier_id:\"amethyst_imbuement:elemental\"}, {modifier_id:\"amethyst_imbuement:furious\"},{modifier_id:\"amethyst_imbuement:ice_aspect\"},{modifier_id:\"amethyst_imbuement:dangerous\"}, {modifier_id:\"amethyst_imbuement:pact_of_danger\"}]}",
  "spec": "寒冰魔法",
  "spells": "冰锥（特有）",
  "mods": "危险/危险契约，寒冰，元素，愤怒"
}
]
}
