{    
"name": "愤怒电光路线",
"icon": "amethyst_imbuement:sparking_scepter",
"category": "amethyst_imbuement:scepter_equinox_routes",
"pages": [        
{            
"type": "patchouli:text",            
"text": "如果想用高等级的雷电法术轰击敌人，请沿此路线踏上均衡之道。雷电类法术获得极大提升，元素符文进一步强化了所有的元素魔法，暴怒符文使愤怒法术能获得$(o)三倍$()的施法经验值。"
},
{
  "type": "amethyst_imbuement:scepter_route",
  "tier_1": "amethyst_imbuement:furious_scepter{modifiers:[{modifier_id:\"amethyst_imbuement:furious\"}]}",
  "tier_2": "amethyst_imbuement:sparking_scepter{modifiers:[{modifier_id:\"amethyst_imbuement:lightning_aspect\"},{modifier_id:\"amethyst_imbuement:furious\"}]}",
  "tier_3": "amethyst_imbuement:equinox{modifiers:[{modifier_id:\"amethyst_imbuement:elemental\"},{modifier_id:\"amethyst_imbuement:lightning_aspect\"},{modifier_id:\"amethyst_imbuement:enraged\"}]}",
  "spec": "雷电魔法",
  "spells": "闪电",
  "mods": "雷电，元素，暴怒"
}
]
}
