{    
"name": "危险电光路线",
"icon": "amethyst_imbuement:sparking_scepter",
"category": "amethyst_imbuement:scepter_equinox_routes",
"pages": [        
{            
"type": "patchouli:text",            
"text": "如果想用猛烈的雷电轰击敌人，请沿此路线踏上均衡之道。雷电类法术获得极大提升，危险符文能够提升伤害。元素符文进一步强化了所有的元素魔法，愤怒符文使愤怒法术能获得两倍的施法经验值。"
},
{
  "type": "amethyst_imbuement:scepter_route",
  "tier_1": "amethyst_imbuement:dangerous_scepter{modifiers:[{modifier_id:\"amethyst_imbuement:dangerous\"}, {modifier_id:\"amethyst_imbuement:pact_of_danger\"}]}",
  "tier_2": "amethyst_imbuement:sparking_scepter{modifiers:[{modifier_id:\"amethyst_imbuement:lightning_aspect\"},{modifier_id:\"amethyst_imbuement:dangerous\"}, {modifier_id:\"amethyst_imbuement:pact_of_danger\"}]}",
  "tier_3": "amethyst_imbuement:equinox{modifiers:[{modifier_id:\"amethyst_imbuement:elemental\"}, {modifier_id:\"amethyst_imbuement:furious\"},{modifier_id:\"amethyst_imbuement:lightning_aspect\"},{modifier_id:\"amethyst_imbuement:dangerous\"}, {modifier_id:\"amethyst_imbuement:pact_of_danger\"}]}",
  "spec": "雷电魔法",
  "spells": "闪电",
  "mods": "危险/危险契约，雷电，元素，愤怒"
}
]
}
