{
  "name": "神之护",
  "icon": "amethyst_imbuement:aegis",
  "category": "amethyst_imbuement:scepters",
  "sortnum": 31,
  "pages": [
    {
      "type": "patchouli:text",
      "text": "三级恩典特化法杖，专注于保护与正义之战。自带符文 $(l:amethyst_imbuement:modifiers/protective)保护$() ， $(l:amethyst_imbuement:modifiers/smiting)圣光$()。 可添加三级及以下的法术。是$(l:amethyst_imbuement:scepter_paths/path_of_the_aegis)守护之道$()的尽头。$(br2)$(l)魔力容量：$() 1450"
    },
    {
      "type": "amethyst_imbuement:scepter_lineage_tier_3_2",
      "anc_a": "amethyst_imbuement:scepter_of_the_paladin{modifiers:[{modifier_id:\"amethyst_imbuement:protective\"},{modifier_id:\"amethyst_imbuement:lesser_enduring\"}]}",
      "anc_b": "amethyst_imbuement:scepter_of_the_vanguard{modifiers:[{modifier_id:\"amethyst_imbuement:smiting\"},{modifier_id:\"amethyst_imbuement:graceful\"}]}",
      "anc_c": "amethyst_imbuement:scepter_of_harvests{modifiers:[{modifier_id:\"amethyst_imbuement:reach\"},{modifier_id:\"amethyst_imbuement:lesser_thrifty\"}]}",
      "input_item": "amethyst_imbuement:aegis{modifiers:[{modifier_id:\"amethyst_imbuement:protective\"},{modifier_id:\"amethyst_imbuement:smiting\"}]}"
    },
    {
      "type": "amethyst_imbuement:imbuing_recipe",
      "title": "神之护",
      "imbue_a_item": "minecraft:netherite_ingot",
      "imbue_b_item": "amethyst_imbuement:crystalline_heart",
      "imbue_c_item": "minecraft:netherite_ingot",
      "imbue_d_item": "minecraft:netherite_ingot",
      "craft_a_item": "minecraft:diamond_helmet",
      "craft_b_item": "amethyst_imbuement:garnet",
      "craft_c_item": "amethyst_imbuement:lustrous_sphere",
      "craft_d_item": "amethyst_imbuement:pyrite",
      "craft_e_item": "tag:amethyst_imbuement:aegis_scepters",
      "craft_f_item": "amethyst_imbuement:pyrite",
      "craft_g_item": "amethyst_imbuement:brilliant_diamond",
      "craft_h_item": "amethyst_imbuement:garnet",
      "craft_i_item": "minecraft:diamond_helmet",
      "result_item": "amethyst_imbuement:aegis{modifiers:[{modifier_id:\"amethyst_imbuement:protective\"},{modifier_id:\"amethyst_imbuement:smiting\"}]}",
      "cost_text": "$(l)消耗等级：$(2)39$()"
    }
  ]
}
