{
  "name": "烈焰法杖",
  "icon": "amethyst_imbuement:blazing_scepter",
  "category": "amethyst_imbuement:scepters",
  "sortnum": 9,
  "pages": [
    {
      "type": "patchouli:text",
      "text": "二级愤怒特化法杖，自带符文 $(l:amethyst_imbuement:modifiers/fire_aspect)烈火$() 和法术 火球。可添加二级及以下的法术。是$(l:amethyst_imbuement:scepter_paths/path_of_the_equinox)均衡之道$()的第二阶段。$(br2)$(l)魔力容量：$() 550"
    },
    {
      "type": "amethyst_imbuement:scepter_lineage_tier_2",
      "anc_a": "amethyst_imbuement:dangerous_scepter{modifiers:[{modifier_id:\"amethyst_imbuement:dangerous\"}, {modifier_id:\"amethyst_imbuement:pact_of_danger\"}]}",
      "anc_b": "amethyst_imbuement:furious_scepter{modifiers:[{modifier_id:\"amethyst_imbuement:furious\"}]}",
      "input_item": "amethyst_imbuement:blazing_scepter{modifiers:[{modifier_id:\"amethyst_imbuement:fire_aspect\"}]}",
      "desc_a": "amethyst_imbuement:equinox{modifiers:[{modifier_id:\"amethyst_imbuement:elemental\"}, {modifier_id:\"amethyst_imbuement:furious\"}]}"
    },
    {
      "type": "amethyst_imbuement:imbuing_recipe",
      "title": "烈焰法杖",
      "imbue_a_item": "minecraft:gold_ingot",
      "imbue_b_item": "amethyst_imbuement:blazing_gem",
      "imbue_c_item": "minecraft:gold_ingot",
      "imbue_d_item": "minecraft:gold_ingot",
      "craft_a_item": "minecraft:blaze_powder",
      "craft_b_item": "amethyst_imbuement:imbued_quartz",
      "craft_c_item": "amethyst_imbuement:iridescent_orb",
      "craft_d_item": "amethyst_imbuement:imbued_lapis",
      "craft_e_item": "tag:amethyst_imbuement:fury_scepters",
      "craft_f_item": "amethyst_imbuement:imbued_lapis",
      "craft_g_item": "minecraft:blaze_powder",
      "craft_h_item": "amethyst_imbuement:imbued_quartz",
      "craft_i_item": "minecraft:blaze_powder",
      "result_item": "amethyst_imbuement:blazing_scepter{modifiers:[{modifier_id:\"amethyst_imbuement:fire_aspect\"}]}",
      "cost_text": "$(l)消耗等级：$(2)19$()"
    }
  ]
}
