{    
"name": "危机法杖",    
"icon": "amethyst_imbuement:dangerous_scepter",
"category": "amethyst_imbuement:scepters", 
"sortnum": 4,
"pages": [        
{            
"type": "patchouli:text",            
"text": "一级愤怒特化法杖。自带符文 $(l:amethyst_imbuement:modifiers/dangerous)危险$() 和 $(l:amethyst_imbuement:modifiers/pact_of_danger)危险契约$()。可以像武器一样使用。可添加一级法术。是$(l:amethyst_imbuement:scepter_paths/path_of_lethality)致命之道$()或$(l:amethyst_imbuement:scepter_paths/path_of_the_equinox)均衡之道$()的起始点。$(br2)$(l)魔力容量：$() 250"
},
{            
"type": "amethyst_imbuement:scepter_lineage_tier_1",
"input_item": "amethyst_imbuement:dangerous_scepter{modifiers:[{modifier_id:\"amethyst_imbuement:dangerous\"}, {modifier_id:\"amethyst_imbuement:pact_of_danger\"}]}",
"desc_a": "amethyst_imbuement:blazing_scepter{modifiers:[{modifier_id:\"amethyst_imbuement:fire_aspect\"}]}",
"desc_b": "amethyst_imbuement:sparking_scepter{modifiers:[{modifier_id:\"amethyst_imbuement:lightning_aspect\"}]}",
"desc_c": "amethyst_imbuement:frosted_scepter{modifiers:[{modifier_id:\"amethyst_imbuement:ice_aspect\"}]}",
"desc_d": "amethyst_imbuement:corrupted_scepter{modifiers:[{modifier_id:\"amethyst_imbuement:necrotic\"}]}",
"desc_e": "amethyst_imbuement:scepter_of_blades{modifiers:[{modifier_id:\"amethyst_imbuement:blade_aspect\"}]}",
"desc_f": "amethyst_imbuement:scepter_of_agonies{modifiers:[{modifier_id:\"amethyst_imbuement:enduring\"}]}"
},
{
  "type": "amethyst_imbuement:imbuing_recipe",
  "title": "危机法杖",
  "imbue_a_item": "amethyst_imbuement:citrine",
  "imbue_b_item": "amethyst_imbuement:lethal_gem",
  "imbue_c_item": "amethyst_imbuement:citrine",
  "imbue_d_item": "amethyst_imbuement:citrine",
  "craft_a_item": "minecraft:air",
  "craft_b_item": "minecraft:stone_sword",
  "craft_c_item": "minecraft:air",
  "craft_d_item": "minecraft:stone_sword",
  "craft_e_item": "amethyst_imbuement:opaline_scepter",
  "craft_f_item": "minecraft:stone_sword",
  "craft_g_item": "minecraft:air",
  "craft_h_item": "minecraft:stone_sword",
  "craft_i_item": "minecraft:air",
  "result_item": "amethyst_imbuement:dangerous_scepter{modifiers:[{modifier_id:\"amethyst_imbuement:dangerous\"}, {modifier_id:\"amethyst_imbuement:pact_of_danger\"}]}",
  "cost_text": "$(l)消耗等级：$(2)7$()"
}
]
}
