{    
"name": "持久法杖",    
"icon": "amethyst_imbuement:enduring_scepter",
"category": "amethyst_imbuement:scepters", 
"sortnum": 8,
"pages": [        
{            
"type": "patchouli:text",            
"text": "一级恩典特化法杖。自带符文 $(l:amethyst_imbuement:modifiers/lesser_enduring)弱效持久$()。可添加一级法术。是$(l:amethyst_imbuement:scepter_paths/path_of_redemption)救赎之道$()或$(l:amethyst_imbuement:scepter_paths/path_of_the_aegis)守护之道$()的起始点。$(br2)$(l)魔力容量：$() 250"
},
{            
"type": "amethyst_imbuement:scepter_lineage_tier_1",
"input_item": "amethyst_imbuement:enduring_scepter{modifiers:[{modifier_id:\"amethyst_imbuement:lesser_enduring\"}]}",
"desc_a": "amethyst_imbuement:scepter_of_the_paladin{modifiers:[{modifier_id:\"amethyst_imbuement:protective\"},{modifier_id:\"amethyst_imbuement:lesser_enduring\"}]}",
"desc_b": "amethyst_imbuement:scepter_of_harvests{modifiers:[{modifier_id:\"amethyst_imbuement:reach\"},{modifier_id:\"amethyst_imbuement:lesser_thrifty\"}]}",
"desc_c": "amethyst_imbuement:scepter_of_the_vanguard{modifiers:[{modifier_id:\"amethyst_imbuement:smiting\"},{modifier_id:\"amethyst_imbuement:graceful\"}]}",
"desc_d": "amethyst_imbuement:scepter_of_the_pacifist{modifiers:[{modifier_id:\"amethyst_imbuement:healers_grace\"}, {modifier_id:\"amethyst_imbuement:healers_pact\"}]}",
"desc_e": "amethyst_imbuement:bardic_scepter{modifiers:[{modifier_id:\"amethyst_core:attuned\"},{modifier_id:\"amethyst_imbuement:lesser_enduring\"}]}",
"desc_f": "amethyst_imbuement:clerics_scepter{modifiers:[{modifier_id:\"amethyst_imbuement:healing\"}]}"
},
{
  "type": "amethyst_imbuement:imbuing_recipe",
  "title": "持久法杖",
  "imbue_a_item": "amethyst_imbuement:smoky_quartz",
  "imbue_b_item": "amethyst_imbuement:healers_gem",
  "imbue_c_item": "amethyst_imbuement:smoky_quartz",
  "imbue_d_item": "amethyst_imbuement:smoky_quartz",
  "craft_a_item": "minecraft:air",
  "craft_b_item": "minecraft:redstone_block",
  "craft_c_item": "minecraft:air",
  "craft_d_item": "minecraft:redstone_block",
  "craft_e_item": "amethyst_imbuement:opaline_scepter",
  "craft_f_item": "minecraft:redstone_block",
  "craft_g_item": "minecraft:air",
  "craft_h_item": "minecraft:redstone_block",
  "craft_i_item": "minecraft:air",
  "result_item": "amethyst_imbuement:enduring_scepter{modifiers:[{modifier_id:\"amethyst_imbuement:lesser_enduring\"}]}",
  "cost_text": "$(l)消耗等级：$(2)7$()"
}
]
}
