{
  "name": "均之衡",
  "icon": "amethyst_imbuement:equinox",
  "category": "amethyst_imbuement:scepters",
  "sortnum": 27,
  "pages": [
    {
      "type": "patchouli:text",
      "text": "三级愤怒特化法杖，专注于元素魔法。自带符文 $(l:amethyst_imbuement:modifiers/elemental)元素$() ， $(l:amethyst_imbuement:modifiers/furious)愤怒$()。可添加三级及以下的法术。是$(l:amethyst_imbuement:scepter_paths/path_of_the_equinox)均衡之道$()的尽头。$(br2)$(l)魔力容量：$() 1450"
    },
    {
      "type": "amethyst_imbuement:scepter_lineage_tier_3",
      "anc_a": "amethyst_imbuement:blazing_scepter{modifiers:[{modifier_id:\"amethyst_imbuement:fire_aspect\"}]}",
      "anc_b": "amethyst_imbuement:sparking_scepter{modifiers:[{modifier_id:\"amethyst_imbuement:lightning_aspect\"}]}",
      "anc_c": "amethyst_imbuement:frosted_scepter{modifiers:[{modifier_id:\"amethyst_imbuement:ice_aspect\"}]}",
      "input_item": "amethyst_imbuement:equinox{modifiers:[{modifier_id:\"amethyst_imbuement:elemental\"}, {modifier_id:\"amethyst_imbuement:furious\"}]}"
    },
    {
      "type": "amethyst_imbuement:imbuing_recipe",
      "title": "均之衡",
      "imbue_a_item": "minecraft:netherite_ingot",
      "imbue_b_item": "amethyst_imbuement:energetic_opal",
      "imbue_c_item": "minecraft:netherite_ingot",
      "imbue_d_item": "minecraft:netherite_ingot",
      "craft_a_item": "amethyst_imbuement:sparking_gem",
      "craft_b_item": "amethyst_imbuement:garnet",
      "craft_c_item": "amethyst_imbuement:lustrous_sphere",
      "craft_d_item": "amethyst_imbuement:pyrite",
      "craft_e_item": "tag:amethyst_imbuement:equinox_scepters",
      "craft_f_item": "amethyst_imbuement:pyrite",
      "craft_g_item": "amethyst_imbuement:brilliant_diamond",
      "craft_h_item": "amethyst_imbuement:garnet",
      "craft_i_item": "amethyst_imbuement:blazing_gem",
      "result_item": "amethyst_imbuement:equinox{modifiers:[{modifier_id:\"amethyst_imbuement:elemental\"}, {modifier_id:\"amethyst_imbuement:furious\"}]}",
      "cost_text": "$(l)消耗等级：$(2)39$()"
    }
  ]
}
