{    
"name": "死之触",    
"icon": "amethyst_imbuement:lethality",
"category": "amethyst_imbuement:scepters", 
"sortnum": 28,
"pages": [        
{            
"type": "patchouli:text",            
"text": "三级愤怒特化法杖，专注于近战攻击。自带符文 $(l:amethyst_imbuement:modifiers/dangerous)危险$() ， $(l:amethyst_imbuement:modifiers/pact_of_danger)危险契约$()。可当作武器使用。可添加三级及以下的法术。是$(l:amethyst_imbuement:scepter_paths/path_of_lethality)致命之道$()的尽头。$(br2)$(l)魔力容量：$() 1250"
},
{            
"type": "amethyst_imbuement:scepter_lineage_tier_3_2",
"anc_a": "amethyst_imbuement:corrupted_scepter{modifiers:[{modifier_id:\"amethyst_imbuement:necrotic\"}]}",
"anc_b": "amethyst_imbuement:scepter_of_blades{modifiers:[{modifier_id:\"amethyst_imbuement:blade_aspect\"}]}",
"anc_c": "amethyst_imbuement:scepter_of_agonies{modifiers:[{modifier_id:\"amethyst_imbuement:enduring\"},{modifier_id:\"amethyst_imbuement:lesser_reach\"}]}",
"input_item": "amethyst_imbuement:lethality{modifiers:[{modifier_id:\"amethyst_imbuement:dangerous\"},{modifier_id:\"amethyst_imbuement:pact_of_danger\"}]}"
},
{
  "type": "amethyst_imbuement:imbuing_recipe",
  "title": "死之触",
  "imbue_a_item": "minecraft:netherite_ingot",
  "imbue_b_item": "amethyst_imbuement:glowing_blade",
  "imbue_c_item": "minecraft:netherite_ingot",
  "imbue_d_item": "minecraft:netherite_ingot",
  "craft_a_item": "amethyst_imbuement:garnet_sword",
  "craft_b_item": "amethyst_imbuement:garnet",
  "craft_c_item": "amethyst_imbuement:lustrous_sphere",
  "craft_d_item": "amethyst_imbuement:pyrite",
  "craft_e_item": "tag:amethyst_imbuement:lethality_scepters",
  "craft_f_item": "amethyst_imbuement:pyrite",
  "craft_g_item": "amethyst_imbuement:lethal_gem",
  "craft_h_item": "amethyst_imbuement:garnet",
  "craft_i_item": "amethyst_imbuement:garnet_sword",
  "result_item": "amethyst_imbuement:lethality{modifiers:[{modifier_id:\"amethyst_imbuement:dangerous\"},{modifier_id:\"amethyst_imbuement:pact_of_danger\"}]}",
  "cost_text": "$(l)消耗等级：$(2)45$()"
  }
]
}
