{    
"name": "欧泊法杖",    
"icon": "amethyst_imbuement:opaline_scepter",    
"category": "amethyst_imbuement:scepters", 
"sortnum": 0,
"pages": [        
{            
"type": "patchouli:text",            
"text": "最初始的法杖。可添加一级法术。是$(#b0b)$(l:amethyst_imbuement:scepter_upgrading/intro)升级之道$()的起始点。$(br2)$(l)魔力容量：$() 250"
},
{
"type": "patchouli:crafting",
"recipe": "amethyst_imbuement:crafting/opaline_scepter"
}
]
}
