{
  "name": "罪之赎",
  "icon": "amethyst_imbuement:redemption",
  "category": "amethyst_imbuement:scepters",
  "sortnum": 28,
  "pages": [
    {
      "type": "patchouli:text",
      "text": "三级恩典特化法杖，专注于治疗与支援。自带符文 $(l:amethyst_imbuement:modifiers/healers_grace)医师恩典$() ， $(l:amethyst_imbuement:modifiers/healers_pact)医师契约$() ， $(l:amethyst_imbuement:modifiers/lesser_enduring)弱效持久$()。可添加三级及以下的法术。是$(l:amethyst_imbuement:scepter_paths/path_of_redemption)救赎之道$()的尽头。$(br2)$(l)魔力容量：$() 1450"
    },
    {
      "type": "amethyst_imbuement:scepter_lineage_tier_3",
      "anc_a": "amethyst_imbuement:scepter_of_the_pacifist{modifiers:[{modifier_id:\"amethyst_imbuement:healers_grace\"}, {modifier_id:\"amethyst_imbuement:healers_pact\"}]}",
      "anc_b": "amethyst_imbuement:bardic_scepter{modifiers:[{modifier_id:\"amethyst_core:attuned\"},{modifier_id:\"amethyst_imbuement:lesser_enduring\"}]}",
      "anc_c": "amethyst_imbuement:clerics_scepter{modifiers:[{modifier_id:\"amethyst_imbuement:healing\"}]}",
      "input_item": "amethyst_imbuement:redemption{modifiers:[{modifier_id:\"amethyst_imbuement:healers_grace\"},{modifier_id:\"amethyst_imbuement:healers_pact\"},{modifier_id:\"amethyst_imbuement:lesser_enduring\"}]}"
    },
    {
      "type": "amethyst_imbuement:imbuing_recipe",
      "title": "罪之赎",
      "imbue_a_item": "minecraft:netherite_ingot",
      "imbue_b_item": "amethyst_imbuement:heartstone",
      "imbue_c_item": "minecraft:netherite_ingot",
      "imbue_d_item": "minecraft:netherite_ingot",
      "craft_a_item": "minecraft:golden_apple",
      "craft_b_item": "amethyst_imbuement:garnet",
      "craft_c_item": "amethyst_imbuement:lustrous_sphere",
      "craft_d_item": "amethyst_imbuement:pyrite",
      "craft_e_item": "tag:amethyst_imbuement:redemption_scepters",
      "craft_f_item": "amethyst_imbuement:pyrite",
      "craft_g_item": "minecraft:enchanted_golden_apple",
      "craft_h_item": "amethyst_imbuement:garnet",
      "craft_i_item": "minecraft:golden_apple",
      "result_item": "amethyst_imbuement:redemption{modifiers:[{modifier_id:\"amethyst_imbuement:healers_grace\"},{modifier_id:\"amethyst_imbuement:healers_pact\"},{modifier_id:\"amethyst_imbuement:lesser_enduring\"}]}",
      "cost_text": "$(l)消耗等级：$(2)37$()"
    }
  ]
}
