{
  "name": "振之谐",
  "icon": "amethyst_imbuement:resonance",
  "category": "amethyst_imbuement:scepters",
  "sortnum": 29,
  "pages": [
    {
      "type": "patchouli:text",
      "text": "三级智慧特化法杖，专注于施法与强化。自带符文 $(l:amethyst_imbuement:modifiers/echoing)回响$() ， $(l:amethyst_imbuement:modifiers/skillful)熟练$() 和特有法术 共鸣. 可添加三级及以下的法术。是$(l:amethyst_imbuement:scepter_paths/path_of_resonance)共鸣之道$()的尽头。$(br2)$(l)魔力容量：$() 1450"
    },
    {
      "type": "amethyst_imbuement:scepter_lineage_tier_3_2",
      "anc_a": "amethyst_imbuement:scepter_of_summoning{modifiers:[{modifier_id:\"amethyst_imbuement:summoners_aspect\"}]}",
      "anc_b": "amethyst_imbuement:scepter_of_insight{modifiers:[{modifier_id:\"amethyst_imbuement:insightful\"}, {modifier_id:\"amethyst_imbuement:lesser_reach\"}]}",
      "anc_c": "amethyst_imbuement:persuasive_scepter{modifiers:[{modifier_id:\"amethyst_imbuement:witty\"},{modifier_id:\"amethyst_imbuement:lesser_attuned\"}]}",
      "input_item": "amethyst_imbuement:resonance{modifiers:[{modifier_id:\"amethyst_imbuement:echoing\"},{modifier_id:\"amethyst_imbuement:skillful\"}]}"
    },
    {
      "type": "amethyst_imbuement:imbuing_recipe",
      "title": "振之谐",
      "imbue_a_item": "minecraft:netherite_ingot",
      "imbue_b_item": "amethyst_imbuement:resonant_rod",
      "imbue_c_item": "minecraft:netherite_ingot",
      "imbue_d_item": "minecraft:netherite_ingot",
      "craft_a_item": "tag:c:steel_blocks",
      "craft_b_item": "amethyst_imbuement:garnet",
      "craft_c_item": "amethyst_imbuement:lustrous_sphere",
      "craft_d_item": "amethyst_imbuement:pyrite",
      "craft_e_item": "tag:amethyst_imbuement:resonance_scepters",
      "craft_f_item": "amethyst_imbuement:pyrite",
      "craft_g_item": "amethyst_imbuement:brilliant_diamond",
      "craft_h_item": "amethyst_imbuement:garnet",
      "craft_i_item": "tag:c:steel_blocks",
      "result_item": "amethyst_imbuement:resonance{modifiers:[{modifier_id:\"amethyst_imbuement:echoing\"},{modifier_id:\"amethyst_imbuement:skillful\"}]}",
      "cost_text": "$(l)消耗等级：$(2)39$()"
    }
  ]
}
