{
  "name": "洞察之杖",
  "icon": "amethyst_imbuement:scepter_of_insight",
  "category": "amethyst_imbuement:scepters",
  "sortnum": 15,
  "pages": [
    {
      "type": "patchouli:text",
      "text": "二级智慧特化法杖。自带符文 $(l:amethyst_imbuement:modifiers/insightful)洞悉$() ， $(l:amethyst_imbuement:modifiers/lesser_reach)弱效范围$() 和法术 灵魂飞弹。可添加二级及以下的法术。是$(l:amethyst_imbuement:scepter_paths/path_of_resonance)共鸣之道$()的第二阶段。$(br2)$(l)魔力容量：$() 550"
    },
    {
      "type": "amethyst_imbuement:scepter_lineage_tier_2",
      "anc_a": "amethyst_imbuement:skillful_scepter{modifiers:[{modifier_id:\"amethyst_imbuement:skillful\"}]}",
      "anc_b": "amethyst_imbuement:witty_scepter{modifiers:[{modifier_id:\"amethyst_imbuement:witty\"}]}",
      "input_item": "amethyst_imbuement:scepter_of_insight{modifiers:[{modifier_id:\"amethyst_imbuement:insightful\"},{modifier_id:\"amethyst_imbuement:lesser_reach\"}]}",
      "desc_a": "amethyst_imbuement:resonance{modifiers:[{modifier_id:\"amethyst_imbuement:echoing\"},{modifier_id:\"amethyst_imbuement:skillful\"}]}"
    },
    {
      "type": "amethyst_imbuement:imbuing_recipe",
      "title": "洞察之杖",
      "imbue_a_item": "minecraft:gold_ingot",
      "imbue_b_item": "minecraft:emerald_block",
      "imbue_c_item": "minecraft:gold_ingot",
      "imbue_d_item": "minecraft:gold_ingot",
      "craft_a_item": "minecraft:emerald_block",
      "craft_b_item": "amethyst_imbuement:imbued_quartz",
      "craft_c_item": "amethyst_imbuement:iridescent_orb",
      "craft_d_item": "amethyst_imbuement:imbued_lapis",
      "craft_e_item": "tag:amethyst_imbuement:wit_scepters",
      "craft_f_item": "amethyst_imbuement:imbued_lapis",
      "craft_g_item": "minecraft:emerald_block",
      "craft_h_item": "amethyst_imbuement:imbued_quartz",
      "craft_i_item": "minecraft:emerald_block",
      "result_item": "amethyst_imbuement:scepter_of_insight{modifiers:[{modifier_id:\"amethyst_imbuement:witty\"}]}",
      "cost_text": "$(l)消耗等级：$(2)17$()"
    }
  ]
}
