{
  "name": "太平之杖",
  "icon": "amethyst_imbuement:scepter_of_the_pacifist",
  "category": "amethyst_imbuement:scepters",
  "sortnum": 24,
  "pages": [
    {
      "type": "patchouli:text",
      "text": "二级恩典特化法杖。自带符文 $(l:amethyst_imbuement:modifiers/healers_grace)医师恩典$() ， $(l:amethyst_imbuement:modifiers/healers_pact)医师契约$() 和法术 迷惑。可添加二级及以下的法术。是$(l:amethyst_imbuement:scepter_paths/path_of_redemption)救赎之道$()的第二阶段。$(br2)$(l)魔力容量：$() 550"
    },
    {
      "type": "amethyst_imbuement:scepter_lineage_tier_2",
      "anc_a": "amethyst_imbuement:enduring_scepter{modifiers:[{modifier_id:\"amethyst_imbuement:lesser_enduring\"}]}",
      "anc_b": "amethyst_imbuement:graceful_scepter{modifiers:[{modifier_id:\"amethyst_imbuement:graceful\"}]}",
      "input_item": "amethyst_imbuement:scepter_of_the_pacifist{modifiers:[{modifier_id:\"amethyst_imbuement:healers_grace\"}, {modifier_id:\"amethyst_imbuement:healers_pact\"}]}",
      "desc_a": "amethyst_imbuement:redemption{modifiers:[{modifier_id:\"amethyst_imbuement:healers_grace\"},{modifier_id:\"amethyst_imbuement:healers_pact\"},{modifier_id:\"amethyst_imbuement:lesser_enduring\"}]}"
    },
    {
      "type": "amethyst_imbuement:imbuing_recipe",
      "title": "太平之杖",
      "imbue_a_item": "minecraft:gold_ingot",
      "imbue_b_item": "amethyst_imbuement:malachite_figurine",
      "imbue_c_item": "minecraft:gold_ingot",
      "imbue_d_item": "minecraft:gold_ingot",
      "craft_a_item": "minecraft:poppy",
      "craft_b_item": "amethyst_imbuement:imbued_quartz",
      "craft_c_item": "amethyst_imbuement:iridescent_orb",
      "craft_d_item": "amethyst_imbuement:imbued_lapis",
      "craft_e_item": "tag:amethyst_imbuement:grace_scepters",
      "craft_f_item": "amethyst_imbuement:imbued_lapis",
      "craft_g_item": "minecraft:poppy",
      "craft_h_item": "amethyst_imbuement:imbued_quartz",
      "craft_i_item": "minecraft:poppy",
      "result_item": "amethyst_imbuement:scepter_of_the_pacifist{modifiers:[{modifier_id:\"amethyst_imbuement:healers_grace\"}, {modifier_id:\"amethyst_imbuement:healers_pact\"}]}",
      "cost_text": "$(l)消耗等级：$(2)13$()"
    }
  ]
}
