{
  "name": "利刃之杖",
  "icon": "amethyst_imbuement:scepter_of_blades",
  "category": "amethyst_imbuement:scepters",
  "sortnum": 13,
  "pages": [
    {
      "type": "patchouli:text",
      "text": "二级愤怒特化法杖，自带符文 $(l:amethyst_imbuement:modifiers/blade_aspect)利刃$() 和法术 灵击。可添加二级及以下的法术。是$(l:amethyst_imbuement:scepter_paths/path_of_lethality)致命之道$()的的第二阶段。$(br2)$(l)魔力容量：$() 500"
    },
    {
      "type": "amethyst_imbuement:scepter_lineage_tier_2",
      "anc_a": "amethyst_imbuement:dangerous_scepter{modifiers:[{modifier_id:\"amethyst_imbuement:dangerous\"}, {modifier_id:\"amethyst_imbuement:pact_of_danger\"}]}",
      "anc_b": "amethyst_imbuement:furious_scepter{modifiers:[{modifier_id:\"amethyst_imbuement:furious\"}]}",
      "input_item": "amethyst_imbuement:scepter_of_blades{modifiers:[{modifier_id:\"amethyst_imbuement:blade_aspect\"}]}",
      "desc_a": "amethyst_imbuement:lethality{modifiers:[{modifier_id:\"amethyst_imbuement:dangerous\"},{modifier_id:\"amethyst_imbuement:pact_of_danger\"}]}"
    },
    {
      "type": "amethyst_imbuement:imbuing_recipe",
      "title": "利刃之杖",
      "imbue_a_item": "minecraft:gold_ingot",
      "imbue_b_item": "amethyst_imbuement:glowing_blade",
      "imbue_c_item": "minecraft:gold_ingot",
      "imbue_d_item": "minecraft:gold_ingot",
      "craft_a_item": "minecraft:diamond_sword",
      "craft_b_item": "amethyst_imbuement:imbued_quartz",
      "craft_c_item": "amethyst_imbuement:iridescent_orb",
      "craft_d_item": "amethyst_imbuement:imbued_lapis",
      "craft_e_item": "tag:amethyst_imbuement:fury_scepters",
      "craft_f_item": "amethyst_imbuement:imbued_lapis",
      "craft_g_item": "minecraft:diamond_sword",
      "craft_h_item": "amethyst_imbuement:imbued_quartz",
      "craft_i_item": "minecraft:diamond_sword",
      "result_item": "amethyst_imbuement:scepter_of_blades{modifiers:[{modifier_id:\"amethyst_imbuement:blade_aspect\"}]}",
      "cost_text": "$(l)消耗等级：$(2)23$()"
    }
  ]
}
