{
  "name": "Scepter of Agonies",
  "icon": "amethyst_imbuement:scepter_of_agonies",
  "category": "amethyst_imbuement:scepters",
  "sortnum": 14,
  "pages": [
    {
      "type": "patchouli:text",
      "text": "Tier two fury aspect scepter. Adds the modifiers $(l:amethyst_imbuement:modifiers/enduring)Enduring$() and $(l:amethyst_imbuement:modifiers/lesser_reach)Lesser Reach() and the unique spell Cripple. Can be augmented with tier two or lower spells. Second tier of progression on the $(l:amethyst_imbuement:scepter_paths/path_of_lethality)Path of Lethality.$()$(br2)$(l)Mana:$() 550"
    },
    {
      "type": "amethyst_imbuement:scepter_lineage_tier_2",
      "anc_a": "amethyst_imbuement:dangerous_scepter{modifiers:[{modifier_id:\"amethyst_imbuement:dangerous\"}, {modifier_id:\"amethyst_imbuement:pact_of_danger\"}]}",
      "anc_b": "amethyst_imbuement:furious_scepter{modifiers:[{modifier_id:\"amethyst_imbuement:furious\"}]}",
      "input_item": "amethyst_imbuement:scepter_of_agonies{modifiers:[{modifier_id:\"amethyst_imbuement:enduring\"},{modifier_id:\"amethyst_imbuement:lesser_reach\"}]}",
      "desc_a": "amethyst_imbuement:lethality{modifiers:[{modifier_id:\"amethyst_imbuement:dangerous\"},{modifier_id:\"amethyst_imbuement:pact_of_danger\"}]}"
    },
    {
      "type": "amethyst_imbuement:imbuing_recipe",
      "title": "Scepter of Agonies",
      "imbue_a_item": "minecraft:gold_ingot",
      "imbue_b_item": "amethyst_imbuement:brutal_gem",
      "imbue_c_item": "minecraft:gold_ingot",
      "imbue_d_item": "minecraft:gold_ingot",
      "craft_a_item": "amethyst_imbuement:garnet",
      "craft_b_item": "amethyst_imbuement:imbued_quartz",
      "craft_c_item": "amethyst_imbuement:iridescent_orb",
      "craft_d_item": "amethyst_imbuement:imbued_lapis",
      "craft_e_item": "tag:amethyst_imbuement:fury_scepters",
      "craft_f_item": "amethyst_imbuement:imbued_lapis",
      "craft_g_item": "amethyst_imbuement:garnet",
      "craft_h_item": "amethyst_imbuement:imbued_quartz",
      "craft_i_item": "amethyst_imbuement:garnet",
      "result_item": "amethyst_imbuement:scepter_of_agonies{modifiers:[{modifier_id:\"amethyst_imbuement:enduring\"},{modifier_id:\"amethyst_imbuement:lesser_reach\"}]}",
      "cost_text": "$(l)Level Cost: $(2)21$()"
    }
  ]
}
