{
  "name": "羁之旅",
  "icon": "amethyst_imbuement:sojourn",
  "category": "amethyst_imbuement:scepters",
  "sortnum": 30,
  "pages": [
    {
      "type": "patchouli:text",
      "text": "三级智慧特化法杖，专注于探索。自带符文 $(l:amethyst_imbuement:modifiers/traveler)旅人$() ， $(l:amethyst_imbuement:modifiers/witty)智慧$() 和特有法术 探查。可添加三级及以下的法术。是$(l:amethyst_imbuement:scepter_paths/path_of_the_sojourn)羁旅之道$()的尽头。$(br2)$(l)魔力容量：$() 1450"
    },
    {
      "type": "amethyst_imbuement:scepter_lineage_tier_3",
      "anc_a": "amethyst_imbuement:travelers_scepter{modifiers:[{modifier_id:\"amethyst_imbuement:traveler\"}]}",
      "anc_b": "amethyst_imbuement:scepter_of_recall{modifiers:[{modifier_id:\"amethyst_imbuement:greater_reach\"}]}",
      "anc_c": "amethyst_imbuement:builders_scepter{modifiers:[{modifier_id:\"amethyst_imbuement:builders_aspect\"},{modifier_id:\"amethyst_imbuement:lesser_reach\"}]}",
      "input_item": "amethyst_imbuement:sojourn{modifiers:[{modifier_id:\"amethyst_imbuement:witty\"},{modifier_id:\"amethyst_imbuement:traveler\"}]}"
    },
    {
      "type": "amethyst_imbuement:imbuing_recipe",
      "title": "羁之旅",
      "imbue_a_item": "minecraft:netherite_ingot",
      "imbue_b_item": "minecraft:elytra",
      "imbue_c_item": "minecraft:netherite_ingot",
      "imbue_d_item": "minecraft:netherite_ingot",
      "craft_a_item": "minecraft:cartography_table",
      "craft_b_item": "amethyst_imbuement:garnet",
      "craft_c_item": "amethyst_imbuement:lustrous_sphere",
      "craft_d_item": "amethyst_imbuement:pyrite",
      "craft_e_item": "tag:amethyst_imbuement:sojourn_scepters",
      "craft_f_item": "amethyst_imbuement:pyrite",
      "craft_g_item": "amethyst_imbuement:inquisitive_gem",
      "craft_h_item": "amethyst_imbuement:garnet",
      "craft_i_item": "minecraft:cartography_table",
      "result_item": "amethyst_imbuement:sojourn{modifiers:[{modifier_id:\"amethyst_imbuement:witty\"},{modifier_id:\"amethyst_imbuement:traveler\"}]}",
      "cost_text": "$(l)消耗等级：$(2)37$()"
    }
  ]
}
