{    
"name": "下一步",    
"icon": "minecraft:leather_boots",    
"category": "amethyst_imbuement:starter_guide",    
"pages": [        
{            
"type": "patchouli:text",            
"text": "既然你已经站稳脚跟，就来了解紫晶魔艺可以提供的一些高级功能。$(li)制造法杖并开始施法。$(li)制造注魔珠宝并为其注入强大的能力。$(li)升级超出平常认知的装备。"
},
{
"type": "patchouli:spotlight",
"title": "法杖施法",
"item": "amethyst_imbuement:opaline_scepter",
"text": "法杖是施放许多进攻和防御法术的魔法来源。参阅$(l:amethyst_imbuement:scepters/scepter_guide)此篇指南$()来学习如何开始使用这些强大而灵活的工具。$(br2)你可以为你的法选择一条$(l:amethyst_imbuement:scepter_upgrading)升级之道$()来特化它并增强它的力量！"
},
{
"type": "patchouli:spotlight",
"title": "饰品注魔",
"item": "amethyst_imbuement:imbued_headband,amethyst_imbuement:imbued_amulet,amethyst_imbuement:imbued_ring,amethyst_imbuement:totem_of_amethyst",
"text": "你可以用魔法珠宝来装饰自己，或是制作一个特殊的图腾来为你提供状态效果加成和其他强大的能力。了解你可以制作的饰品：$(br2)$(l:amethyst_imbuement:trinkets/jewelry_guide)珠宝$()$(br)$(l:amethyst_imbuement:trinkets/totem_guide)图腾$()"
},
{
"type": "patchouli:spotlight",
"title": "升级装备",
"item": "amethyst_imbuement:ametrine_chestplate,amethyst_imbuement:garnet_sword,amethyst_imbuement:sniper_bow,minecraft:bucket",
"text": "这里有各种各样的新装备可供选择，还有为新装备和现有装备准备的升级强化！$(br)$(l)"
}
]
}