{    
"name": "Bolstering",
"icon": "amethyst_imbuement:textures/gui/patchouli/mod_icons/bolstering.png",
"sortnum": 106,
"category": "amethyst_imbuement:modifiers",    
"pages": [        
{            
"type": "patchouli:text",            
"text": "Chance to provide buffs to the caster and all nearby allies on successful spell casting and increases spell effect durations by 35%, at the expense of 15% increased mana cost. This modifier is unique to the (l:amethyst_imbuement:focus/getting_started)Spellcasters Focus$(), to obtain it you must ignite your focus to a new tier and select it from one of three options presented."
},
{            
"type": "amethyst_imbuement:modifier_spotlight",            
"mod_head": "Bolstering",
"mod_image": "amethyst_imbuement:textures/gui/patchouli/mod_spotlights/bolstering.png",
  "ancestor": "N/A",
"descendant": "N/A",
"mod_type": "$(2)Team Buffs$()",
"mod_text": "Your focus attunes to the lifeforce of its weilder and those around it. Appears on a Spellcasters Focus on tier ignition."
}
]
}
