{    
"name": "Bolt Specialist",
"icon": "amethyst_imbuement:textures/gui/patchouli/mod_icons/bolt_specialist.png",
"sortnum": 105,
"category": "amethyst_imbuement:modifiers",    
"pages": [        
{            
"type": "patchouli:text",            
"text": "Affects missile and bolt spells. 10% reduced cooldown, 1 extra damage, and a chance that the missiles explode on impact. This modifier is unique to the (l:amethyst_imbuement:focus/getting_started)Spellcasters Focus$(), to obtain it you must ignite your focus to a new tier and select it from one of three options presented."
},
{            
"type": "amethyst_imbuement:modifier_spotlight",            
"mod_head": "Bolt Specialist",
"mod_image": "amethyst_imbuement:textures/gui/patchouli/mod_spotlights/bolt_specialist.png",
  "ancestor": "N/A",
"descendant": "N/A",
"mod_type": "$(2)Missile Spells$()",
"mod_text": "Your focus grows an affinity for clusters of magical energy commonly known as 'bolts'. Appears on a Spellcasters Focus on tier ignition."
}
]
}
