{    
"name": "温柔捍卫者",    
"icon": "amethyst_imbuement:textures/gui/patchouli/mod_icons/champion_of_the_meek.png",
"sortnum": 83,  
"category": "amethyst_imbuement:modifiers",    
"pages": [        
{            
"type": "patchouli:text",            
"text": "施法时给予施法者或目标2颗伤害吸收生命值以及抗性提升。影响：$(li)$(l:amethyst_imbuement:scepter_paths/path_of_the_aegis)守护之道$()"
},
{            
"type": "amethyst_imbuement:modifier_spotlight",            
"mod_head": "温柔捍卫者",
"mod_image": "amethyst_imbuement:textures/gui/patchouli/mod_spotlights/champion_of_the_meek.png",
"ancestor": "$(l:amethyst_imbuement:modifiers/protective)保护$()",
"descendant": "无",
"mod_type": "$(2)保护$()",
"mod_text": "你和你的法杖成为了舍己为人的捍卫者。循尽圣骑士守护之道时自动显现于神之护。"
}
]
}