{    
"name": "危险",    
"icon": "amethyst_imbuement:textures/gui/patchouli/mod_icons/dangerous.png",
"sortnum": 27,  
"category": "amethyst_imbuement:modifiers",    
"pages": [        
{            
"type": "patchouli:text",            
"text": "法术伤害提升15%。影响：$(li)$(l:amethyst_imbuement:scepter_paths/path_of_lethality)致命之道$(/l)$(li)$(l:amethyst_imbuement:scepter_paths/path_of_the_equinox)均衡之道$()"
},
{            
"type": "amethyst_imbuement:modifier_spotlight",            
"mod_head": "危险",
"mod_image": "amethyst_imbuement:textures/gui/patchouli/mod_spotlights/dangerous.png",
"ancestor": "无",
"descendant": "$(l:amethyst_imbuement:modifiers/lethal)致命$()",
"mod_type": "$(2)伤害$()",
"mod_text": "你的法杖闪烁着危险的意志。 $(o)它现在可以像剑一样造成伤害。$()坚守致命之道与均衡之道时自动注入致命法杖。"
}
]
}