{    
"name": "Dynamo",
"icon": "amethyst_imbuement:textures/gui/patchouli/mod_icons/dynamo.png",
"sortnum": 122,
"category": "amethyst_imbuement:modifiers",    
"pages": [        
{            
"type": "patchouli:text",            
"text": "Reduces spell cooldown and mana costs by 15% each. This modifier is unique to the $(l:amethyst_imbuement:trinkets/witches_orb)Witches Orb$(), to obtain it you must craft your orb using the appropriate aspect gem."
},
{            
"type": "amethyst_imbuement:modifier_spotlight",            
"mod_head": "Dynamo",
"mod_image": "amethyst_imbuement:textures/gui/patchouli/mod_spotlights/dynamo.png",
  "ancestor": "N/A",
"descendant": "N/A",
"mod_type": "$(2)Spell Slinging$()",
"mod_text": "The orb crackles with energy that it shares with the caster and magic flowing through them. Appears on a Witches Orb if crafted with the proper gem."
}
]
}
