{    
"name": "优雅",    
"icon": "amethyst_imbuement:textures/gui/patchouli/mod_icons/elegant.png",
"sortnum": 8,  
"category": "amethyst_imbuement:modifiers",    
"pages": [        
{            
"type": "patchouli:text",            
"text": "只影响恩典法术。施法获得三倍的恩典经验值，恩典法术冷却时间减少10%，恩典法术持续时间增加20%。影响：$(li)$(l:amethyst_imbuement:scepter_paths/path_of_the_aegis)守护之道$()"
},
{            
"type": "amethyst_imbuement:modifier_spotlight",            
"mod_head": "优雅",
"mod_image": "amethyst_imbuement:textures/gui/patchouli/mod_spotlights/elegant.png",
"ancestor": "$(l:amethyst_imbuement:modifiers/graceful)典雅$()",
"descendant": "无",
"mod_type": "$(2)法术施放$()",
"mod_text": "你的法杖闪耀着优雅和仁慈。循至先锋守护之道时自动显现于先锋之杖。"
}
]
}