{    
"name": "元素",    
"icon": "amethyst_imbuement:textures/gui/patchouli/mod_icons/elemental.png",
"sortnum": 45,
"category": "amethyst_imbuement:modifiers",    
"pages": [        
{            
"type": "patchouli:text",            
"text": "影响所有元素法术。法术冷却时间和魔力消耗减少10%，法术等级增加1，法术范围增加10%，法术效果等级提升一级，法术效果持续时间增加10%。影响：$(li)$(l:amethyst_imbuement:scepter_paths/path_of_the_equinox)均衡之道$()"
},
{            
"type": "amethyst_imbuement:modifier_spotlight",            
"mod_head": "元素",
"mod_image": "amethyst_imbuement:textures/gui/patchouli/mod_spotlights/elemental.png",
"ancestor": "无",
"descendant": "无",
"mod_type": "$(2)元素法术$()",
"mod_text": "你的法杖与每一种元素均衡调和。循尽均衡之道时自动显现于均之衡。"
}
]
}