{    
"name": "愤怒",    
"icon": "amethyst_imbuement:textures/gui/patchouli/mod_icons/furious.png",
"sortnum": 1,  
"category": "amethyst_imbuement:modifiers",    
"pages": [        
{            
"type": "patchouli:text",            
"text": "只影响愤怒法术。施法获得两倍的愤怒经验值，增加0.2基础伤害。影响：$(li)$(l:amethyst_imbuement:scepter_paths/path_of_lethality)致命之道$(/l)$(li)$(l:amethyst_imbuement:scepter_paths/path_of_the_equinox)均衡之道$()"
},
{            
"type": "amethyst_imbuement:modifier_spotlight",            
"mod_head": "愤怒",
"mod_image": "amethyst_imbuement:textures/gui/patchouli/mod_spotlights/furious.png",
"ancestor": "无",
"descendant": "$(l:amethyst_imbuement:modifiers/enraged)暴怒$()",
"mod_type": "$(2)法术施放$()",
"mod_text": "你的法杖通过法术来引导并吸收你内心的愤怒。坚守致命之道与均衡之道时自动注入暴怒法杖。"
}
]
}
