{    
"name": "天才",    
"icon": "amethyst_imbuement:textures/gui/patchouli/mod_icons/genius.png",
"sortnum": 5,  
"category": "amethyst_imbuement:modifiers",    
"pages": [        
{            
"type": "patchouli:text",            
"text": "只影响智慧法术。施法获得三倍的智慧经验值，智慧法术效果范围增加，减少智慧法术冷却时间10%。影响：$(li)$(l:amethyst_imbuement:scepter_paths/path_of_the_sojourn)羁旅之道$()"
},
{            
"type": "amethyst_imbuement:modifier_spotlight",            
"mod_head": "天才",
"mod_image": "amethyst_imbuement:textures/gui/patchouli/mod_spotlights/genius.png",
"ancestor": "$(l:amethyst_imbuement:modifiers/witty)智慧$()",
"descendant": "无",
"mod_type": "$(2)法术施放$()",
"mod_text": "你的法杖与你一同闪耀着智慧的光辉。循尽羁旅之道时自动显现。"
}
]
}