{    
"name": "典雅",    
"icon": "amethyst_imbuement:textures/gui/patchouli/mod_icons/graceful.png",
"sortnum": 7,  
"category": "amethyst_imbuement:modifiers",    
"pages": [        
{            
"type": "patchouli:text",            
"text": "只影响恩典法术，施法获得两倍的恩典经验值，恩典法术持续时间增加10%。影响：$(li)$(l:amethyst_imbuement:scepter_paths/path_of_redemption)救赎之道$(/l)$(li)$(l:amethyst_imbuement:scepter_paths/path_of_the_aegis)守护之道$()"
},
{            
"type": "amethyst_imbuement:modifier_spotlight",            
"mod_head": "典雅",
"mod_image": "amethyst_imbuement:textures/gui/patchouli/mod_spotlights/graceful.png",
"ancestor": "无",
"descendant": "$(l:amethyst_imbuement:modifiers/elegant)优雅$()",
"mod_type": "$(2)法术施放$()",
"mod_text": "你的法杖沐浴在你内心的善良之中。坚守救赎之道与守护之道时自动注入恩典法杖。"
}
]
}
