{    
"name": "强效协调",    
"icon": "amethyst_imbuement:textures/gui/patchouli/mod_icons/greater_attuned.png",
"sortnum": 13,  
"category": "amethyst_imbuement:modifiers",    
"pages": [        
{            
"type": "patchouli:text",            
"text": "减少22.5%施法冷却时间。该符文独立于法杖。影响：$(li)所有法杖$()"
},
{            
"type": "amethyst_imbuement:modifier_spotlight",            
"mod_head": "强效协调",
"mod_image": "amethyst_imbuement:textures/gui/patchouli/mod_spotlights/greater_attuned.png",
"ancestor": "$(l:amethyst_imbuement:modifiers/attuned)协调$()",
"descendant": "无",
"mod_type": "$(2)法术施放$()",
"mod_text": "你的法杖与周围的魔法紧密协调着。按下一页的配方为任意法杖注魔。"
},
{
"type": "amethyst_imbuement:imbuing_recipe",
"title": "注魔：协调",
"imbue_a_item": "amethyst_imbuement:imbued_lapis",
"imbue_b_item": "amethyst_imbuement:imbued_lapis",
"imbue_c_item": "amethyst_imbuement:imbued_lapis",
"imbue_d_item": "amethyst_imbuement:imbued_lapis",
"craft_a_item": "minecraft:air",
"craft_b_item": "minecraft:clock",
"craft_c_item": "minecraft:air",
"craft_d_item": "minecraft:sugar",
"craft_e_item": "amethyst_imbuement:opaline_scepter,amethyst_imbuement:iridescent_scepter,amethyst_imbuement:lustrous_scepter",
"craft_f_item": "minecraft:sugar",
"craft_g_item": "minecraft:air",
"craft_h_item": "minecraft:sugar",
"craft_i_item": "minecraft:air",
"result_item": "amethyst_imbuement:opaline_scepter,amethyst_imbuement:iridescent_scepter,amethyst_imbuement:lustrous_scepter",
"cost_text": "$(l)消耗等级：$(2)11$()"
}
]
}