{    
"name": "强效持久",
"icon": "amethyst_imbuement:textures/gui/patchouli/mod_icons/greater_enduring.png",
"sortnum": 65,
"category": "amethyst_imbuement:modifiers",    
"pages": [        
{            
"type": "patchouli:text",            
"text": "增加65%法术效果持续时间。影响：$(li)$(l:amethyst_imbuement:scepter_paths/path_of_redemption)救赎之道$()"
},
{            
"type": "amethyst_imbuement:modifier_spotlight",            
"mod_head": "强效持久",
"mod_image": "amethyst_imbuement:textures/gui/patchouli/mod_spotlights/greater_enduring.png",
"ancestor": "$(l:amethyst_imbuement:modifiers/enduring)持久$()",
"descendant": "无",
"mod_type": "$(2)法术持续时间$()",
"mod_text": "你的法杖法术持久地令人难以置信。循尽持久吟游诗人救赎之道时自动显现于罪之赎。"
}
]
}
