{    
"name": "医师契约",
"icon": "amethyst_imbuement:textures/gui/patchouli/mod_icons/healers_pact.png",
"sortnum": 71,
"category": "amethyst_imbuement:modifiers",    
"pages": [        
{            
"type": "patchouli:text",            
"text": "影响所有非治疗法术。受影响的法术冷却时间增加50%，魔力消耗增加20%。影响：$(li)$(l:amethyst_imbuement:scepter_paths/path_of_redemption)救赎之道$()"
},
{            
"type": "amethyst_imbuement:modifier_spotlight",            
"mod_head": "医师契约",
"mod_image": "amethyst_imbuement:textures/gui/patchouli/mod_spotlights/healers_pact.png",
"ancestor": "无",
"descendant": "$(l:amethyst_imbuement:modifiers/saints_pact)圣人契约$()",
"mod_type": "$(2)契约$()",
"mod_text": "你的法杖已与治疗的使命牢牢绑定，舍弃其他类型的魔法。坚守救赎之道时自动注入太平之杖。"
}
]
}
