{    
"name": "医师恩典",
"icon": "amethyst_imbuement:textures/gui/patchouli/mod_icons/healers_grace.png",
"sortnum": 67,
"category": "amethyst_imbuement:modifiers",    
"pages": [        
{            
"type": "patchouli:text",            
"text": "只影响治疗法术，治疗法术效果提升1级，法术效果持续时间增加50%。影响：$(li)$(l:amethyst_imbuement:scepter_paths/path_of_redemption)救赎之道$()"
},
{            
"type": "amethyst_imbuement:modifier_spotlight",            
"mod_head": "医师恩典",
"mod_image": "amethyst_imbuement:textures/gui/patchouli/mod_spotlights/healers_grace.png",
"ancestor": "无",
"descendant": "$(l:amethyst_imbuement:modifiers/saints_grace)圣人恩典$()",
"mod_type": "$(2)治疗$()",
"mod_text": "你的法杖已经擅于施放治疗法术。自动注入太平之杖，若未循尽太平救赎之道则显现于罪之赎。"
}
]
}