{    
"name": "弱效范围",    
"icon": "amethyst_imbuement:textures/gui/patchouli/mod_icons/lesser_reach.png",
"sortnum": 21,  
"category": "amethyst_imbuement:modifiers",    
"pages": [        
{            
"type": "patchouli:text",            
"text": "施法范围增加6%。影响：$(li)$(l:amethyst_imbuement:scepter_paths/path_of_resonance)共鸣之道$(/l)$(li)$(l:amethyst_imbuement:scepter_paths/path_of_the_sojourn)羁旅之道$()"
},
{            
"type": "amethyst_imbuement:modifier_spotlight",            
"mod_head": "Lesser Reach",
"mod_image": "amethyst_imbuement:textures/gui/patchouli/mod_spotlights/lesser_reach.png",
"ancestor": "无",
"descendant": "$(l:amethyst_imbuement:modifiers/reach)范围$()",
"mod_type": "$(2)法术范围$()",
"mod_text": "你的法杖可以向稍远处施展魔法。洞察之杖，建造者法杖和折返之杖自带此符文。"
}
]
}