{    
"name": "致命",    
"icon": "amethyst_imbuement:textures/gui/patchouli/mod_icons/lethal.png",
"sortnum": 29,  
"category": "amethyst_imbuement:modifiers",    
"pages": [        
{            
"type": "patchouli:text",            
"text": "法术伤害提升35%，增加0.5基础伤害。影响：$(li)$(l:amethyst_imbuement:scepter_paths/path_of_lethality)致命之道$()"
},
{            
"type": "amethyst_imbuement:modifier_spotlight",            
"mod_head": "致命",
"mod_image": "amethyst_imbuement:textures/gui/patchouli/mod_spotlights/lethal.png",
"ancestor": "$(l:amethyst_imbuement:modifiers/dangerous)危险$()",
"descendant": "无",
"mod_type": "$(2)伤害$()",
"mod_text": "你的法杖渴望鲜血。$(o)它现在可以像剑一样造成伤害。$()循尽危险致命之道时自动显现。"
}
]
}