{    
"name": "坏死",    
"icon": "amethyst_imbuement:textures/gui/patchouli/mod_icons/necrotic.png",
"sortnum": 35,
"category": "amethyst_imbuement:modifiers",    
"pages": [        
{            
"type": "patchouli:text",            
"text": "攻击性法术和对敌人施加负面效果的法术对目标附加凋零效果。影响：$(li)$(l:amethyst_imbuement:scepter_paths/path_of_lethality)致命之道$()"
},
{            
"type": "amethyst_imbuement:modifier_spotlight",            
"mod_head": "坏死",
"mod_image": "amethyst_imbuement:textures/gui/patchouli/mod_spotlights/necrotic.png",
"ancestor": "无",
"descendant": "无",
"mod_type": "$(2)状态效果$()",
"mod_text": "你的法杖渗出邪秽的污泥。坚守致命之道时自动注入腐化法杖。"
}
]
}