{    
"name": "危险契约",
"icon": "amethyst_imbuement:textures/gui/patchouli/mod_icons/pact_of_danger.png",
"sortnum": 31,
"category": "amethyst_imbuement:modifiers",    
"pages": [        
{            
"type": "patchouli:text",            
"text": "只影响非愤怒法术。影响法术冷却时间，魔力消耗增加25%。影响：$(li)$(l:amethyst_imbuement:scepter_paths/path_of_lethality)致命之道$()"
},
{            
"type": "amethyst_imbuement:modifier_spotlight",            
"mod_head": "危险契约",
"mod_image": "amethyst_imbuement:textures/gui/patchouli/mod_spotlights/pact_of_danger.png",
"ancestor": "无",
"descendant": "$(l:amethyst_imbuement:modifiers/pact_of_lethality)致命契约$()",
"mod_type": "$(2)契约$()",
"mod_text": "你的法杖对战斗的渴望降低了它施放其他法术的能力。坚守致命之道时自动注入危机法杖。"
}
]
}
