{    
"name": "致命契约",
"icon": "amethyst_imbuement:textures/gui/patchouli/mod_icons/pact_of_lethality.png",
"sortnum": 33,
"category": "amethyst_imbuement:modifiers",    
"pages": [        
{            
"type": "patchouli:text",            
"text": "只影响非愤怒法术。影响法术冷却时间，魔力消耗增加65%。影响：$(li)$(l:amethyst_imbuement:scepter_paths/path_of_lethality)致命之道$()"
},
{            
"type": "amethyst_imbuement:modifier_spotlight",            
"mod_head": "致命契约",
"mod_image": "amethyst_imbuement:textures/gui/patchouli/mod_spotlights/pact_of_lethality.png",
"ancestor": "$(l:amethyst_imbuement:modifiers/pact_of_danger)危险契约$()",
"descendant": "无",
"mod_type": "$(2)契约$()",
"mod_text": "你的法杖对战斗的渴望降低了它施放其他法术的能力。循尽危险致命之道时自动显现于死之触。"
}
]
}