{    
"name": "保护",    
"icon": "amethyst_imbuement:textures/gui/patchouli/mod_icons/protective.png",
"sortnum": 81,  
"category": "amethyst_imbuement:modifiers",    
"pages": [        
{            
"type": "patchouli:text",            
"text": "施法时给予施法者或目标半颗伤害吸收生命值。影响：$(li)$(l:amethyst_imbuement:scepter_paths/path_of_the_aegis)守护之道$()"
},
{            
"type": "amethyst_imbuement:modifier_spotlight_2",
"mod_head": "保护",
"mod_image": "amethyst_imbuement:textures/gui/patchouli/mod_spotlights/protective.png",
"ancestor": "无",
"descendant": "$(l:amethyst_imbuement:modifiers/champion_of_the_meek)温柔捍卫者$()",
"mod_type": "$(2)保护$()",
"mod_text": "你的法杖试图保护你和你周围的人免受伤害。循至圣骑士守护之道时自动注入圣骑士之杖。"
}
]
}