{    
"name": "范围",    
"icon": "amethyst_imbuement:textures/gui/patchouli/mod_icons/reach.png",
"sortnum": 23,  
"category": "amethyst_imbuement:modifiers",    
"pages": [        
{            
"type": "patchouli:text",            
"text": "施法范围增加12%。影响：$(li)$(l:amethyst_imbuement:scepter_paths/path_of_resonance)共鸣之道$(/l)$(li)$(l:amethyst_imbuement:scepter_paths/path_of_the_sojourn)羁旅之道$()"
},
{            
"type": "amethyst_imbuement:modifier_spotlight",            
"mod_head": "范围",
"mod_image": "amethyst_imbuement:textures/gui/patchouli/mod_spotlights/reach.png",
"ancestor": "$(l:amethyst_imbuement:modifiers/lesser_reach)弱效范围$()",
"descendant": "$(l:amethyst_imbuement:modifiers/greater_reach)强效范围$()",
"mod_type": "$(2)法术范围$()",
"mod_text": "你的法杖施法范围增加。"
}
]
}