{    
"name": "圣人恩典",
"icon": "amethyst_imbuement:textures/gui/patchouli/mod_icons/saints_grace.png",
"sortnum": 69,
"category": "amethyst_imbuement:modifiers",    
"pages": [        
{            
"type": "patchouli:text",            
"text": "只影响治疗法术。治疗法术效果提升3级，效果持续时间增加100%。影响：$(li)$(l:amethyst_imbuement:scepter_paths/path_of_redemption)救赎之道$()"
},
{            
"type": "amethyst_imbuement:modifier_spotlight",            
"mod_head": "圣人恩典",
"mod_image": "amethyst_imbuement:textures/gui/patchouli/mod_spotlights/saints_grace.png",
"ancestor": "$(l:amethyst_imbuement:modifiers/healers_grace)医师恩典$()",
"descendant": "无",
"mod_type": "$(2)治疗$()",
"mod_text": "你的法杖已精通治疗魔法。循尽太平救赎之道时自动显现于罪之赎。"
}
]
}