{    
"name": "圣光",    
"icon": "amethyst_imbuement:textures/gui/patchouli/mod_icons/smiting.png",
"sortnum": 77,  
"category": "amethyst_imbuement:modifiers",    
"pages": [        
{            
"type": "patchouli:text",            
"text": "攻击或影响亡灵生物的法术除正常效果外，额外造成2点伤害。影响：$(li)$(l:amethyst_imbuement:scepter_paths/path_of_the_aegis)守护之道$()"
},
{            
"type": "amethyst_imbuement:modifier_spotlight",            
"mod_head": "圣光",
"mod_image": "amethyst_imbuement:textures/gui/patchouli/mod_spotlights/smiting.png",
"ancestor": "无",
"descendant": "$(l:amethyst_imbuement:modifiers/warrior_of_light)光明战士$()",
"mod_type": "$(2)伤害$()",
"mod_text": "你的法杖找到了消除世间邪恶的神圣使命。循至先锋守护之道时自动注入先锋之杖。"
}
]
}