{    
"name": "羁旅者",
"icon": "amethyst_imbuement:textures/gui/patchouli/mod_icons/sojourner.png",
"sortnum": 59,
"category": "amethyst_imbuement:modifiers",    
"pages": [        
{            
"type": "patchouli:text",            
"text": "只影响与移动和探索有关的法术。受影响的法术冷却时间减少90%，效果范围增加25%，施放受影响的法术有25%几率给予施法者速度和跳跃提升。影响：$(li)$(l:amethyst_imbuement:scepter_paths/path_of_the_sojourn)羁旅之道$()"
},
{            
"type": "amethyst_imbuement:modifier_spotlight",            
"mod_head": "羁旅者",
"mod_image": "amethyst_imbuement:textures/gui/patchouli/mod_spotlights/sojourner.png",
"ancestor": "$(l:amethyst_imbuement:modifiers/traveler)旅人$()",
"descendant": "无",
"mod_type": "$(2)探索$()",
"mod_text": "你和你的法杖共同梦想着探索世界。循尽旅人羁旅之道时自动显现于羁之旅。"
}
]
}