{    
"name": "召唤师",
"icon": "amethyst_imbuement:textures/gui/patchouli/mod_icons/summoners_aspect.png",
"sortnum": 50,
"category": "amethyst_imbuement:modifiers",    
"pages": [        
{            
"type": "patchouli:text",            
"text": "只影响召唤生物的法术。受影响的法术冷却时间减少10%，召唤物持续时间延长10%，受影响的法术等级增加1。影响：$(li)$(l:amethyst_imbuement:scepter_paths/path_of_resonance)共鸣之道$()"
},
{            
"type": "amethyst_imbuement:modifier_spotlight",            
"mod_head": "召唤师",
"mod_image": "amethyst_imbuement:textures/gui/patchouli/mod_spotlights/summoners_aspect.png",
"ancestor": "无",
"descendant": "无",
"mod_type": "$(2)召唤$()",
"mod_text": "你的法杖与世上的生灵建立起联系。坚守共鸣之道时自动注入召唤师之杖。"
}
]
}