{    
"name": "节俭",    
"icon": "amethyst_imbuement:textures/gui/patchouli/mod_icons/thrifty.png",
"sortnum": 17,  
"category": "amethyst_imbuement:modifiers",    
"pages": [        
{            
"type": "patchouli:text",            
"text": "施法魔力消耗减少10%，该符文独立于法杖。影响：$(li)所有法杖$()"
},
{            
"type": "amethyst_imbuement:modifier_spotlight",            
"mod_head": "节俭",
"mod_image": "amethyst_imbuement:textures/gui/patchouli/mod_spotlights/thrifty.png",
"ancestor": "$(l:amethyst_imbuement:modifiers/lesser_thrifty)弱效节俭$()",
"descendant": "$(l:amethyst_imbuement:modifiers/greater_thrifty)强效节俭$()",
"mod_type": "$(2)法术施放$()",
"mod_text": "你的法杖魔法利用率提高。按下一页的配方为任意法杖注魔。"
},
{
"type": "amethyst_imbuement:imbuing_recipe",
"title": "注魔：节俭",
"imbue_a_item": "amethyst_imbuement:danburite",
"imbue_b_item": "amethyst_imbuement:danburite",
"imbue_c_item": "amethyst_imbuement:danburite",
"imbue_d_item": "amethyst_imbuement:danburite",
"craft_a_item": "minecraft:air",
"craft_b_item": "minecraft:emerald",
"craft_c_item": "minecraft:air",
"craft_d_item": "minecraft:paper",
"craft_e_item": "amethyst_imbuement:opaline_scepter,amethyst_imbuement:iridescent_scepter,amethyst_imbuement:lustrous_scepter",
"craft_f_item": "minecraft:paper",
"craft_g_item": "minecraft:air",
"craft_h_item": "minecraft:paper",
"craft_i_item": "minecraft:air",
"result_item": "amethyst_imbuement:opaline_scepter,amethyst_imbuement:iridescent_scepter,amethyst_imbuement:lustrous_scepter",
"cost_text": "$(l)消耗等级：$(2)19$()"
}
]
}