{    
"name": "幸运",    
"icon": "amethyst_imbuement:book_of_lore",    
"category": "amethyst_imbuement:trinket_common_augments",    
"pages": [        
{            
"type": "patchouli:text",            
"text": "$(l)效果：$()给予使用者幸运。$(br)$(l)适用于：$() $(l:amethyst_imbuement:trinkets/imbued_jewelry)注魔珠宝$()，$(l:amethyst_imbuement:trinkets/totem_of_amethyst)紫水晶图腾$()$(br)$(l)最高等级：$() 1 $(br)$(l)级别：$()中$(br)$(l)不兼容：$()其他通用或珠宝强化（珠宝），其他通用强化（图腾）"
},
{
"type": "amethyst_imbuement:imbuing_recipe",
"title": "注魔：幸运",
"anchor": "lucky",
"imbue_a_item": "amethyst_imbuement:citrine",
"imbue_b_item": "amethyst_imbuement:pyrite",
"imbue_c_item": "amethyst_imbuement:pyrite",
"imbue_d_item": "amethyst_imbuement:citrine",
"craft_a_item": "minecraft:bamboo",
"craft_b_item": "minecraft:rabbit_foot",
"craft_c_item": "minecraft:bamboo",
"craft_d_item": "minecraft:bamboo",
"craft_e_item": "amethyst_imbuement:imbued_ring,amethyst_imbuement:imbued_headband,amethyst_imbuement:imbued_amulet,amethyst_imbuement:totem_of_amethyst",
"craft_f_item": "minecraft:bamboo",
"craft_g_item": "minecraft:bamboo",
"craft_h_item": "minecraft:bamboo",
"craft_i_item": "minecraft:bamboo",
"result_item": "minecraft:enchanted_book{StoredEnchantments:[{id:\"amethyst_imbuement:lucky\",lvl:1}]}",
"cost_text": "$(l)消耗等级：$(2)13$()"
}
]
}