{    
"name": "月华",    
"icon": "amethyst_imbuement:book_of_lore",    
"category": "amethyst_imbuement:trinket_common_augments",    
"pages": [
{            
"type": "patchouli:text",            
"text": "$(l)效果：$()使用者在夜晚获得力量和抗性提升。$(br)$(l)适用于：$() $(l:amethyst_imbuement:trinkets/imbued_jewelry)注魔珠宝$()，$(l:amethyst_imbuement:trinkets/totem_of_amethyst)紫水晶图腾$()$(br)$(l)最高等级：$() 2 $(br)$(l)级别：$()中$(br)$(l)不兼容：$()其他通用或珠宝强化（珠宝），其他通用强化（图腾）"
},
{
"type": "amethyst_imbuement:imbuing_recipe",
"title": "注魔：月华",
"anchor": "moonlit",
"imbue_a_item": "amethyst_imbuement:moonstone",
"imbue_b_item": "amethyst_imbuement:moonstone",
"imbue_c_item": "amethyst_imbuement:moonstone",
"imbue_d_item": "amethyst_imbuement:moonstone",
"craft_a_item": "minecraft:lantern",
"craft_b_item": "minecraft:blaze_powder",
"craft_c_item": "minecraft:lantern",
"craft_d_item": "minecraft:blaze_powder",
"craft_e_item": "amethyst_imbuement:imbued_ring,amethyst_imbuement:imbued_headband,amethyst_imbuement:imbued_amulet,amethyst_imbuement:totem_of_amethyst",
"craft_f_item": "minecraft:blaze_powder",
"craft_g_item": "minecraft:lantern",
"craft_h_item": "minecraft:blaze_powder",
"craft_i_item": "minecraft:lantern",
"result_item": "minecraft:enchanted_book{StoredEnchantments:[{id:\"amethyst_imbuement:moonlit\",lvl:1}]}",
"cost_text": "$(l)消耗等级：$(2)5$()"
}
]
}