{    
"name": "愤怒利刃路线",
"icon": "amethyst_imbuement:scepter_of_blades",
"category": "amethyst_imbuement:scepter_lethality_routes",
"pages": [        
{            
"type": "patchouli:text",            
"text": "如果你想使你的法术发挥出最大潜能时专攻利刃攻击，请沿此路线踏上致命之道。斩击类法术获得极大提升，危险符文能够提升伤害。拥有两倍的施法升级速度。但施放非愤怒类法术的效果变差。"
},
{
  "type": "amethyst_imbuement:scepter_route",
  "tier_1": "amethyst_imbuement:furious_scepter{modifiers:[{modifier_id:\"amethyst_imbuement:furious\"}]}",
  "tier_2": "amethyst_imbuement:scepter_of_blades{modifiers:[{modifier_id:\"amethyst_imbuement:blade_aspect\"},{modifier_id:\"amethyst_imbuement:furious\"}]}",
  "tier_3": "amethyst_imbuement:lethality{modifiers:[{modifier_id:\"amethyst_imbuement:dangerous\"},{modifier_id:\"amethyst_imbuement:pact_of_danger\"},{modifier_id:\"amethyst_imbuement:blade_aspect\"},{modifier_id:\"amethyst_imbuement:furious\"}]}",
  "spec": "高级斩击法术",
  "spells": "灵击",
  "mods": "危险/危险契约，利刃，愤怒"
}
]
}
