{    
"name": "危险利刃路线",
"icon": "amethyst_imbuement:scepter_of_blades",
"category": "amethyst_imbuement:scepter_lethality_routes",
"pages": [        
{            
"type": "patchouli:text",            
"text": "如果你想在打出最高伤害时专攻利刃攻击，请沿此路线踏上致命之道。斩击类法术获得极大提升，致命符文能够全面提升伤害。但施放非愤怒类法术的效果变差。"
},
{
  "type": "amethyst_imbuement:scepter_route",
  "tier_1": "amethyst_imbuement:dangerous_scepter{modifiers:[{modifier_id:\"amethyst_imbuement:dangerous\"},{modifier_id:\"amethyst_imbuement:pact_of_danger\"}]}",
  "tier_2": "amethyst_imbuement:scepter_of_blades{modifiers:[{modifier_id:\"amethyst_imbuement:blade_aspect\"},{modifier_id:\"amethyst_imbuement:dangerous\"},{modifier_id:\"amethyst_imbuement:pact_of_danger\"}]}",
  "tier_3": "amethyst_imbuement:lethality{modifiers:[{modifier_id:\"amethyst_imbuement:lethal\"},{modifier_id:\"amethyst_imbuement:pact_of_lethality\"},{modifier_id:\"amethyst_imbuement:blade_aspect\"}]}",
  "spec": "利刃攻击",
  "spells": "灵击",
  "mods": "致命/致命契约，利刃"
}
]
}
