{    
"name": "危险腐化路线",
"icon": "amethyst_imbuement:corrupted_scepter",
"category": "amethyst_imbuement:scepter_lethality_routes",
"pages": [        
{            
"type": "patchouli:text",            
"text": "如果你想在打出最高伤害时使你的敌人凋零，请沿此路线踏上致命之道。击中或影响目标时使他们凋零，致命符文能够全面提升伤害。但施放非愤怒类法术的效果变差。"
},
{
  "type": "amethyst_imbuement:scepter_route",
  "tier_1": "amethyst_imbuement:dangerous_scepter{modifiers:[{modifier_id:\"amethyst_imbuement:dangerous\"}, {modifier_id:\"amethyst_imbuement:pact_of_danger\"}]}",
  "tier_2": "amethyst_imbuement:corrupted_scepter{modifiers:[{modifier_id:\"amethyst_imbuement:dangerous\"}, {modifier_id:\"amethyst_imbuement:pact_of_danger\"},{modifier_id:\"amethyst_imbuement:necrotic\"}]}",
  "tier_3": "amethyst_imbuement:lethality{modifiers:[{modifier_id:\"amethyst_imbuement:lethal\"},{modifier_id:\"amethyst_imbuement:pact_of_lethality\"},{modifier_id:\"amethyst_imbuement:necrotic\"}]}",
  "spec": "凋零伤害",
  "spells": "灵魂飞弹",
  "mods": "致命/致命契约，坏死"
}
]
}
