{    
"name": "龙视",    
"icon": "amethyst_imbuement:book_of_mythos",    
"category": "amethyst_imbuement:trinket_jewelry_augments",    
"pages": [        
{            
"type": "patchouli:text",            
"text": "$(l)效果：$()用龙的视觉定位周围的矿物！$(br)$(l)适用于：$() $(l:amethyst_imbuement:trinkets/imbued_jewelry)注魔头带$()$(br)$(l)最高等级：$() 1 $(br)$(l)级别：$()高$(br)$(l)不兼容：$()其他通用或珠宝强化"
},
{
"type": "amethyst_imbuement:imbuing_recipe",
"title": "注魔：龙视",
"anchor": "draconic_vision",
"imbue_a_item": "amethyst_imbuement:ametrine",
"imbue_b_item": "amethyst_imbuement:glowing_fragment",
"imbue_c_item": "amethyst_imbuement:glowing_fragment",
"imbue_d_item": "amethyst_imbuement:glowing_fragment",
"craft_a_item": "minecraft:ender_eye",
"craft_b_item": "minecraft:dragon_head",
"craft_c_item": "minecraft:ender_eye",
"craft_d_item": "minecraft:dragon_breath",
"craft_e_item": "amethyst_imbuement:imbued_headband",
"craft_f_item": "minecraft:dragon_breath",
"craft_g_item": "minecraft:ender_eye",
"craft_h_item": "minecraft:dragon_breath",
"craft_i_item": "minecraft:ender_eye",
"result_item": "minecraft:enchanted_book{StoredEnchantments:[{id:\"amethyst_imbuement:draconic_vision\",lvl:1}]}",
"cost_text": "$(l)消耗等级：$(2)27$()"
}
]
}