{    
"name": "友善",    
"icon": "amethyst_imbuement:book_of_lore",    
"category": "amethyst_imbuement:trinket_jewelry_augments",    
"pages": [        
{            
"type": "patchouli:text",            
"text": "$(l)效果：$()末影人和猪灵不再与穿戴者敌对。$(br)$(l)适用于：$() $(l:amethyst_imbuement:trinkets/imbued_jewelry)注魔珠宝$()$(br)$(l)最高等级：$() 1 $(br)$(l)级别：$()低$(br)$(l)不兼容：$()其他通用或珠宝强化"
},
{
"type": "amethyst_imbuement:imbuing_recipe",
"title": "注魔：友善",
"anchor": "friendly",
"imbue_a_item": "amethyst_imbuement:pyrite",
"imbue_b_item": "amethyst_imbuement:smoky_quartz",
"imbue_c_item": "amethyst_imbuement:smoky_quartz",
"imbue_d_item": "amethyst_imbuement:smoky_quartz",
"craft_a_item": "minecraft:air",
"craft_b_item": "minecraft:carved_pumpkin",
"craft_c_item": "minecraft:air",
"craft_d_item": "minecraft:gold_ingot",
"craft_e_item": "amethyst_imbuement:imbued_ring,amethyst_imbuement:imbued_headband,amethyst_imbuement:imbued_amulet",
"craft_f_item": "minecraft:gold_ingot",
"craft_g_item": "minecraft:air",
"craft_h_item": "minecraft:gold_ingot",
"craft_i_item": "minecraft:air",
"result_item": "minecraft:enchanted_book{StoredEnchantments:[{id:\"amethyst_imbuement:friendly\",lvl:1}]}",
"cost_text": "$(l)消耗等级：$(2)13$()"
}
]
}