{    
"name": "护盾",    
"icon": "amethyst_imbuement:book_of_lore",    
"category": "amethyst_imbuement:trinket_jewelry_augments",    
"pages": [        
{            
"type": "patchouli:text",            
"text": "$(l)效果：$()增加2%抵挡伤害几率。可同珠宝叠加。$(br)$(l)适用于：$() $(l:amethyst_imbuement:trinkets/imbued_jewelry)注魔珠宝$()$(br)$(l)最高等级：$() 3 $(br)$(l)级别：$()中$(br)$(l)不兼容：$()其他通用或珠宝强化"
},
{
"type": "amethyst_imbuement:imbuing_recipe",
"title": "注魔：护盾",
"anchor": "shielding",
"imbue_a_item": "amethyst_imbuement:smoky_quartz",
"imbue_b_item": "amethyst_imbuement:imbued_quartz",
"imbue_c_item": "amethyst_imbuement:imbued_quartz",
"imbue_d_item": "amethyst_imbuement:smoky_quartz",
"craft_a_item": "minecraft:shield",
"craft_b_item": "minecraft:golden_apple",
"craft_c_item": "minecraft:shield",
"craft_d_item": "amethyst_imbuement:steel_ingot",
"craft_e_item": "amethyst_imbuement:imbued_ring,amethyst_imbuement:imbued_headband,amethyst_imbuement:imbued_amulet,amethyst_imbuement:totem_of_amethyst",
"craft_f_item": "amethyst_imbuement:steel_ingot",
"craft_g_item": "minecraft:shield",
"craft_h_item": "amethyst_imbuement:steel_ingot",
"craft_i_item": "minecraft:shield",
"result_item": "minecraft:enchanted_book{StoredEnchantments:[{id:\"amethyst_imbuement:shielding\",lvl:1}]}",
"cost_text": "$(l)消耗等级：$(2)4$()"
}
]
}