{    
"name": "灵视",    
"icon": "amethyst_imbuement:book_of_lore",    
"category": "amethyst_imbuement:trinket_jewelry_augments",    
"pages": [        
{            
"type": "patchouli:text",            
"text": "$(l)效果：$()用灵光高亮显示附近的敌人。$(br)$(l)适用于：$() $(l:amethyst_imbuement:trinkets/imbued_jewelry)注魔头带$()$(br)$(l)最高等级：$() 1 $(br)$(l)级别：$()中$(br)$(l)不兼容：$()其他通用或珠宝强化"
},
{
"type": "amethyst_imbuement:imbuing_recipe",
"title": "注魔：灵视",
"anchor": "spectral_vision",
"imbue_a_item": "amethyst_imbuement:pyrite",
"imbue_b_item": "amethyst_imbuement:danburite",
"imbue_c_item": "amethyst_imbuement:danburite",
"imbue_d_item": "amethyst_imbuement:danburite",
"craft_a_item": "minecraft:ender_eye",
"craft_b_item": "minecraft:spectral_arrow",
"craft_c_item": "minecraft:ender_eye",
"craft_d_item": "minecraft:spectral_arrow",
"craft_e_item": "amethyst_imbuement:imbued_headband",
"craft_f_item": "minecraft:spectral_arrow",
"craft_g_item": "minecraft:ender_eye",
"craft_h_item": "minecraft:spectral_arrow",
"craft_i_item": "minecraft:ender_eye",
"result_item": "minecraft:enchanted_book{StoredEnchantments:[{id:\"amethyst_imbuement:spectral_vision\",lvl:1}]}",
"cost_text": "$(l)消耗等级：$(2)19$()"
}
]
}