{    
"name": "隐身",    
"icon": "amethyst_imbuement:book_of_lore",    
"category": "amethyst_imbuement:equipment_augments",    
"pages": [        
{            
"type": "patchouli:text",            
"text": "$(l)效果：$()使穿戴者隐形，且附魔的盔甲部件不会降低隐形效果。$(br)$(l)适用于：$() $(#490)任意盔甲$()$(br)$(l)最高等级：$() 1 $(br)$(l)级别：$()中$(br)$(l)不兼容：$()无"
},
{
"type": "amethyst_imbuement:imbuing_recipe",
"title": "注魔：隐形",
"anchor": "invisibility",
"imbue_a_item": "amethyst_imbuement:opal",
"imbue_b_item": "amethyst_imbuement:opal",
"imbue_c_item": "amethyst_imbuement:opal",
"imbue_d_item": "amethyst_imbuement:opal",
"craft_a_item": "minecraft:fermented_spider_eye",
"craft_b_item": "minecraft:golden_carrot",
"craft_c_item": "minecraft:fermented_spider_eye",
"craft_d_item": "minecraft:golden_carrot",
"craft_e_item": "minecraft:chainmail_helmet,minecraft:chainmail_chestplate,minecraft:chainmail_leggings,minecraft:chainmail_boots",
"craft_f_item": "minecraft:golden_carrot",
"craft_g_item": "minecraft:fermented_spider_eye",
"craft_h_item": "minecraft:golden_carrot",
"craft_i_item": "minecraft:fermented_spider_eye",
"result_item": "minecraft:enchanted_book{StoredEnchantments:[{id:\"amethyst_imbuement:invisibility\",lvl:1}]}",
"cost_text": "$(l)消耗等级：$(2)19$()"
}
]
}