{    
"name": "护甲",    
"icon": "amethyst_imbuement:book_of_mythos",    
"category": "amethyst_imbuement:equipment_augments",    
"pages": [        
{            
"type": "patchouli:text",            
"text": "$(l)效果：$()提升护甲的防御能力。每级提升一点护甲值和0.5盔甲韧性。$(br)$(l)适用于：$() $(#490)任意盔甲$()$(br)$(l)最高等级：$() 2 $(br)$(l)级别：$()高$(br)$(l)不兼容：$()无"
},
{
"type": "amethyst_imbuement:imbuing_recipe",
"title": "注魔:护甲",
"anchor": "resilience",
"imbue_a_item": "amethyst_imbuement:ametrine",
"imbue_b_item": "amethyst_imbuement:citrine",
"imbue_c_item": "amethyst_imbuement:citrine",
"imbue_d_item": "amethyst_imbuement:citrine",
"craft_a_item": "amethyst_imbuement:steel_ingot",
"craft_b_item": "minecraft:obsidian",
"craft_c_item": "amethyst_imbuement:steel_ingot",
"craft_d_item": "minecraft:obsidian",
"craft_e_item": "minecraft:chainmail_helmet,minecraft:chainmail_chestplate,minecraft:chainmail_leggings,minecraft:chainmail_boots",
"craft_f_item": "minecraft:obsidian",
"craft_g_item": "amethyst_imbuement:steel_ingot",
"craft_h_item": "minecraft:obsidian",
"craft_i_item": "amethyst_imbuement:steel_ingot",
"result_item": "minecraft:enchanted_book{StoredEnchantments:[{id:\"amethyst_imbuement:resilience\",lvl:1}]}",
"cost_text": "$(l)消耗等级：$(2)21$()"
}
]
}
