{    
"name": "弹跳",    
"icon": "amethyst_imbuement:book_of_lore",    
"category": "amethyst_imbuement:equipment_augments",    
"pages": [        
{            
"type": "patchouli:text",            
"text": "$(l)效果：$()为靴子涂上粘液强化，使穿戴者免疫摔落伤害，并像落在粘液块上一样弹起。$(br)$(l)适用于：$() $(#490)靴子$()$(br)$(l)最大等级：$() 1 $(br)$(l)级别：$()中$(br)$(l)不兼容：$()无"
},
{
"type": "amethyst_imbuement:imbuing_recipe",
"title": "注魔：弹跳",
"anchor": "slimy",
"imbue_a_item": "amethyst_imbuement:citrine",
"imbue_b_item": "amethyst_imbuement:opal",
"imbue_c_item": "amethyst_imbuement:opal",
"imbue_d_item": "amethyst_imbuement:opal",
"craft_a_item": "amethyst_imbuement:beryl_copper_ingot",
"craft_b_item": "minecraft:slime_block",
"craft_c_item": "amethyst_imbuement:beryl_copper_ingot",
"craft_d_item": "minecraft:slime_block",
"craft_e_item": "minecraft:chainmail_boots",
"craft_f_item": "minecraft:slime_block",
"craft_g_item": "amethyst_imbuement:beryl_copper_ingot",
"craft_h_item": "minecraft:slime_block",
"craft_i_item": "amethyst_imbuement:beryl_copper_ingot",
"result_item": "minecraft:enchanted_book{StoredEnchantments:[{id:\"amethyst_imbuement:slimy\",lvl:1}]}",
"cost_text": "$(l)消耗等级：$(2)21$()"
}
]
}