{    
"name": "尖刺",    
"icon": "amethyst_imbuement:book_of_lore",    
"category": "amethyst_imbuement:equipment_augments",    
"pages": [        
{            
"type": "patchouli:text",            
"text": "$(l)效果：$()用附魔盾抵挡伤害时像荆棘一样伤害攻击者。$(br)$(l)适用于：$() $(#490)盾牌$()$(br)$(l)最高等级：$() 3 $(br)$(l)级别：$()中$(br)$(l)不兼容：$()无"
},
{
"type": "amethyst_imbuement:imbuing_recipe",
"title": "注魔：尖刺",
"anchor": "spiked",
"imbue_a_item": "minecraft:diamond",
"imbue_b_item": "amethyst_imbuement:smoky_quartz",
"imbue_c_item": "amethyst_imbuement:smoky_quartz",
"imbue_d_item": "amethyst_imbuement:smoky_quartz",
"craft_a_item": "minecraft:flint",
"craft_b_item": "minecraft:flint",
"craft_c_item": "minecraft:flint",
"craft_d_item": "minecraft:flint",
"craft_e_item": "minecraft:shield",
"craft_f_item": "minecraft:flint",
"craft_g_item": "minecraft:flint",
"craft_h_item": "minecraft:flint",
"craft_i_item": "minecraft:flint",
"result_item": "minecraft:enchanted_book{StoredEnchantments:[{id:\"amethyst_imbuement:spiked\",lvl:1}]}",
"cost_text": "$(l)消耗等级：$(2)5$()"
}
]
}