{    
"name": "迅捷",    
"icon": "amethyst_imbuement:book_of_lore",    
"category": "amethyst_imbuement:equipment_augments",    
"pages": [        
{            
"type": "patchouli:text",            
"text": "$(l)效果：$()给予穿戴者速度。$(br)$(l)适用于：$() $(#490)护腿$()$(br)$(l)最高等级：$() 2 $(br)$(l)级别：$()低$(br)$(l)不兼容：$()无"
},
{
"type": "amethyst_imbuement:imbuing_recipe",
"title": "注魔：迅捷",
"anchor": "swiftness",
"imbue_a_item": "amethyst_imbuement:opal",
"imbue_b_item": "minecraft:amethyst_shard",
"imbue_c_item": "minecraft:amethyst_shard",
"imbue_d_item": "minecraft:amethyst_shard",
"craft_a_item": "amethyst_imbuement:beryl_copper_ingot",
"craft_b_item": "minecraft:sugar",
"craft_c_item": "amethyst_imbuement:beryl_copper_ingot",
"craft_d_item": "minecraft:sugar",
"craft_e_item": "minecraft:chainmail_boots",
"craft_f_item": "minecraft:sugar",
"craft_g_item": "amethyst_imbuement:beryl_copper_ingot",
"craft_h_item": "minecraft:sugar",
"craft_i_item": "amethyst_imbuement:beryl_copper_ingot",
"result_item": "minecraft:enchanted_book{StoredEnchantments:[{id:\"amethyst_imbuement:swiftness\",lvl:1}]}",
"cost_text": "$(l)消耗等级：$(2)12$()"
}
]
}