{    
"name": "照明",    
"icon": "amethyst_imbuement:book_of_lore",    
"category": "amethyst_imbuement:scepter_available_augments",    
"pages": [        
{            
"type": "patchouli:text",            
"text": "$(l)效果：$()召唤一根火把放置在目标位置。$(br)$(l)法术派系：$() $(2)智慧$()$(br)$(l)魔力消耗：$() 2$(br)$(l)冷却时间：$() 0.25 秒$(br)$(l)适用于：$() $(l:amethyst_imbuement:scepters/opaline_scepter)欧泊法杖$()，$(l:amethyst_imbuement:scepters/iridescent_scepter)虹彩法杖$()，$(l:amethyst_imbuement:scepters/lustrous_scepter)光辉法杖$()$(br)$(l)级别：$() 1"
},
{
"type": "amethyst_imbuement:imbuing_recipe",
"title": "注魔：照明",
"anchor": "shine",
"imbue_a_item": "amethyst_imbuement:danburite",
"imbue_b_item": "amethyst_imbuement:danburite",
"imbue_c_item": "amethyst_imbuement:danburite",
"imbue_d_item": "amethyst_imbuement:danburite",
"craft_a_item": "minecraft:air",
"craft_b_item": "amethyst_imbuement:shine_light",
"craft_c_item": "minecraft:air",
"craft_d_item": "amethyst_imbuement:shine_light",
"craft_e_item": "tag:amethyst_core:tier_one_spell_scepters",
"craft_f_item": "amethyst_imbuement:shine_light",
"craft_g_item": "minecraft:air",
"craft_h_item": "amethyst_imbuement:shine_light",
"craft_i_item": "minecraft:air",
"result_item": "minecraft:enchanted_book{StoredEnchantments:[{id:\"amethyst_imbuement:shine\",lvl:1}]}",
"cost_text": "$(l)消耗等级：$(2)5$()"
}
]
}