{    
"name": "Summon Boat Augment",    
"icon": "amethyst_imbuement:book_of_lore",    
"category": "amethyst_imbuement:scepter_available_augments",    
"pages": [        
{            
"type": "patchouli:text",            
"text": "$(l)Effect:$() Summons a little hamster friend to assist you.$(br)$(l)Magical School:$() $(2)Wit$()$(br)$(l)Mana Cost:$() 50$(br)$(l)Cooldown:$() 30.0 seconds$(br)$(l)Enchants:$() $(l:amethyst_imbuement:scepters/opaline_scepter)Opaline Scepter$(), $(l:amethyst_imbuement:scepters/iridescent_scepter)Iridescent Scepter$(), $(l:amethyst_imbuement:scepters/lustrous_scepter)Lustrous Scepter$()$(br)$(l)Tier:$() 1"
},
{
"type": "amethyst_imbuement:imbuing_recipe",
"title": "Summon Hamster Imbuing",
"anchor": "summon_hamster",
"imbue_a_item": "amethyst_imbuement:danburite",
"imbue_b_item": "amethyst_imbuement:danburite",
"imbue_c_item": "amethyst_imbuement:danburite",
"imbue_d_item": "amethyst_imbuement:danburite",
"craft_a_item": "minecraft:air",
"craft_b_item": "minecraft:pumpkin_seeds",
"craft_c_item": "minecraft:air",
"craft_d_item": "minecraft:pumpkin_seeds",
"craft_e_item": "tag:amethyst_core:tier_one_spell_scepters",
"craft_f_item": "minecraft:pumpkin_seeds",
"craft_g_item": "minecraft:air",
"craft_h_item": "minecraft:pumpkin_seeds",
"craft_i_item": "minecraft:air",
"result_item": "minecraft:enchanted_book{StoredEnchantments:[{id:\"amethyst_imbuement:summon_hamster\",lvl:1}]}",
"cost_text": "$(l)Level Cost: $(2)7$()"
}
]
}