{    
"name": "羁旅之道",
"icon": "amethyst_imbuement:sojourn",
"category": "amethyst_imbuement:scepter_paths",
"pages": [        
{            
"type": "patchouli:text",            
"text": "羁旅之道是探索者之道。羁旅无挂，寰宇探查，倏忽归家，或将自己的建设在所至之处留下。$(br2)$(l:amethyst_imbuement:scepter_sojourn_routes)羁旅之道路线$(/l)"
},
{
  "type": "amethyst_imbuement:scepter_path",
  "tier_1": "amethyst_imbuement:witty_scepter{modifiers:[{modifier_id:\"amethyst_imbuement:witty\"}]},amethyst_imbuement:skillful_scepter{modifiers:[{modifier_id:\"amethyst_imbuement:skillful\"}]}",
  "tier_2": "amethyst_imbuement:travelers_scepter{modifiers:[{modifier_id:\"amethyst_imbuement:traveler\"}]},amethyst_imbuement:scepter_of_recall{modifiers:[{modifier_id:\"amethyst_imbuement:greater_reach\"}]},amethyst_imbuement:builders_scepter{modifiers:[{modifier_id:\"amethyst_imbuement:builders_aspect\"},{modifier_id:\"amethyst_imbuement:lesser_reach\"}]}",
  "tier_3": "amethyst_imbuement:sojourn{modifiers:[{modifier_id:\"amethyst_imbuement:witty\"},{modifier_id:\"amethyst_imbuement:traveler\"}]}",
  "spec": "探索",
  "spells": "探查，折返（折返之杖）",
  "mods": "可能的特有符文：旅人，羁旅者，强效范围，建造者"
}
]
}
