{    
"name": "救赎之道",
"icon": "amethyst_imbuement:redemption",
"category": "amethyst_imbuement:scepter_paths",
"pages": [        
{            
"type": "patchouli:text",            
"text": "救赎之道是治疗师之道。献身于治疗的艺术，激励队友，忍受苦痛，甚至摒弃战士之路。$(br2)$(l:amethyst_imbuement:scepter_redemption_routes)救赎之道路线$(/l)"
},
{
  "type": "amethyst_imbuement:scepter_path",
  "tier_1": "amethyst_imbuement:graceful_scepter{modifiers:[{modifier_id:\"amethyst_imbuement:graceful\"}]},amethyst_imbuement:enduring_scepter{modifiers:[{modifier_id:\"amethyst_imbuement:lesser_enduring\"}]}",
  "tier_2": "amethyst_imbuement:scepter_of_the_pacifist{modifiers:[{modifier_id:\"amethyst_imbuement:healers_grace\"}, {modifier_id:\"amethyst_imbuement:healers_pact\"}]},amethyst_imbuement:clerics_scepter{modifiers:[{modifier_id:\"amethyst_imbuement:healing\"}]},amethyst_imbuement:bardic_scepter{modifiers:[{modifier_id:\"amethyst_core:attuned\"},{modifier_id:\"amethyst_imbuement:lesser_enduring\"}]}",
  "tier_3": "amethyst_imbuement:redemption{modifiers:[{modifier_id:\"amethyst_imbuement:healers_grace\"},{modifier_id:\"amethyst_imbuement:healers_pact\"},{modifier_id:\"amethyst_imbuement:lesser_enduring\"}]}",
  "spec": "治疗与支援",
  "spells": "鼓舞之歌（吟游诗人法杖）",
  "mods": "可能的特有符文：医师恩典/契约，圣人恩典/契约，治愈"
}
]
}
