{    
"name": "致命之道",
"icon": "amethyst_imbuement:lethality",
"category": "amethyst_imbuement:scepter_paths",
"pages": [        
{            
"type": "patchouli:text",            
"text": "致命之道是杀手之道。直击要害，挥杖如剑，甚至令对手凋零而亡。$(br2)$(l:amethyst_imbuement:scepter_lethality_routes)致命之道路线$(/l)"
},
{
  "type": "amethyst_imbuement:scepter_path",
  "tier_1": "amethyst_imbuement:furious_scepter{modifiers:[{modifier_id:\"amethyst_imbuement:furious\"}]},amethyst_imbuement:dangerous_scepter{modifiers:[{modifier_id:\"amethyst_imbuement:dangerous\"}, {modifier_id:\"amethyst_imbuement:pact_of_danger\"}]}",
  "tier_2": "amethyst_imbuement:scepter_of_blades{modifiers:[{modifier_id:\"amethyst_imbuement:blade_aspect\"}]},amethyst_imbuement:corrupted_scepter{modifiers:[{modifier_id:\"amethyst_imbuement:necrotic\"}]}",
  "tier_3": "amethyst_imbuement:lethality{modifiers:[{modifier_id:\"amethyst_imbuement:dangerous\"},{modifier_id:\"amethyst_imbuement:pact_of_danger\"}]}",
  "spec": "无情出击",
  "spells": "无特有法术",
  "mods": "可能的特有符文：致命，危险/致命契约，坏死，利刃"
}
]
}
