{    
"name": "均衡之道",
"icon": "amethyst_imbuement:equinox",
"category": "amethyst_imbuement:scepter_paths",
"pages": [        
{            
"type": "patchouli:text",            
"text": "均衡之道是元素师之道，操纵元素以御敌，惊雷震之，烈火焚之，寒冰凝之。$(br2)$(l:amethyst_imbuement:scepter_equinox_routes)均衡之道路线$(/l)"
},
{
  "type": "amethyst_imbuement:scepter_path",
  "tier_1": "amethyst_imbuement:furious_scepter{modifiers:[{modifier_id:\"amethyst_imbuement:furious\"}]},amethyst_imbuement:dangerous_scepter{modifiers:[{modifier_id:\"amethyst_imbuement:dangerous\"}, {modifier_id:\"amethyst_imbuement:pact_of_danger\"}]}",
  "tier_2": "amethyst_imbuement:blazing_scepter{modifiers:[{modifier_id:\"amethyst_imbuement:fire_aspect\"}]},amethyst_imbuement:sparking_scepter{modifiers:[{modifier_id:\"amethyst_imbuement:lightning_aspect\"}]},amethyst_imbuement:frosted_scepter{modifiers:[{modifier_id:\"amethyst_imbuement:ice_aspect\"}]}",
  "tier_3": "amethyst_imbuement:equinox{modifiers:[{modifier_id:\"amethyst_imbuement:elemental\"}, {modifier_id:\"amethyst_imbuement:furious\"}]}",
  "spec": "元素法术",
  "spells": "冰锥（寒霜法杖）",
  "mods": "可能的特有符文：元素，烈火，雷电，寒冰，暴怒"
}
]
}
