{
  "name": "Accursed Figurine",
  "icon": "amethyst_imbuement:malachite_figurine",
  "category": "amethyst_imbuement:gems",
  "pages": [
    {
      "type": "patchouli:text",
      "text": "$(l)Meaning:$() Corruption and Betrayal $(br)$(l)Primary Aspect:$() $(2)Wit$()$(br)$(l)Obtaining:$() Accursed figurines can only be obtained through an act of cold-blooded murder. Villagers will drop them when killed by a players hand."
    },
    {
      "type": "patchouli:spotlight",
      "title": "Accursed Figurine",
      "item": "amethyst_imbuement:accursed_figurine",
      "link_recipe": true,
      "text": "$(o)A twisted symbol of malice. It's eyes pleadingly ask why? Why?$()"
    }
  ]
}
