{    
"name": "天青石",    
"icon": "amethyst_imbuement:celestine",    
"category": "amethyst_imbuement:gems",    
"pages": [      
{            
	"type": "patchouli:text",            
	"text": "$(l)含义：$()神性$(br)$(l)主要特性：$() $(6)所有$()$(br)$(l)获取：$()使用$(#490)$(l:amethyst_imbuement:altars/imbuing_table)注魔台$()制造天青石。"      
},
{
"type": "amethyst_imbuement:imbuing_recipe",
"title": "注魔：天青石",
"imbue_a_item": "minecraft:shulker_shell",
"imbue_b_item": "minecraft:shulker_shell",
"imbue_c_item": "minecraft:shulker_shell",
"imbue_d_item": "minecraft:shulker_shell",
"craft_a_item": "amethyst_imbuement:ametrine",
"craft_b_item": "amethyst_imbuement:moonstone",
"craft_c_item": "amethyst_imbuement:ametrine",
"craft_d_item": "amethyst_imbuement:brilliant_diamond",
"craft_e_item": "minecraft:nether_star",
"craft_f_item": "amethyst_imbuement:brilliant_diamond",
"craft_g_item": "amethyst_imbuement:ametrine",
"craft_h_item": "amethyst_imbuement:moonstone",
"craft_i_item": "amethyst_imbuement:ametrine",
"result_item": "amethyst_imbuement:celestine",
"cost_text": "$(l)消耗等级：$(2)49$()"
}   
]
}