{    
"name": "黄水晶",    
"icon": "amethyst_imbuement:citrine",    
"category": "amethyst_imbuement:gems",    
"pages": [        
{            
	"type": "patchouli:text",            
	"text": "$(l)含义：$()积极与幸运$(br)$(l)主要特性：$() $(c)愤怒$()$(br)$(l)获取：$()使用$(#490)$(l:amethyst_imbuement:altars/imbuing_table)注魔台$()制造黄水晶或与村民交易获得。"      
},
{
"type": "amethyst_imbuement:imbuing_recipe",
"title": "注魔：黄水晶",
"imbue_a_item": "minecraft:dandelion",
"imbue_b_item": "minecraft:dandelion",
"imbue_c_item": "minecraft:dandelion",
"imbue_d_item": "minecraft:dandelion",
"craft_a_item": "minecraft:quartz",
"craft_b_item": "minecraft:quartz",
"craft_c_item": "minecraft:quartz",
"craft_d_item": "minecraft:quartz",
"craft_e_item": "minecraft:iron_ingot",
"craft_f_item": "minecraft:quartz",
"craft_g_item": "minecraft:quartz",
"craft_h_item": "minecraft:quartz",
"craft_i_item": "minecraft:quartz",
"result_item": "amethyst_imbuement:citrine#4",
"cost_text": "$(l)消耗等级：$(2)1$()"
},
{
"type": "amethyst_imbuement:altar_recipe",
"anchor": "enhancing_citrine",
"input_item": "minecraft:gunpowder",
"addition_item": "minecraft:amethyst_shard",
"flower_item": "minecraft:sunflower",
"output_item": "amethyst_imbuement:citrine"
}
]
}