{    
"name": "赛黄晶",    
"icon": "amethyst_imbuement:danburite",    
"category": "amethyst_imbuement:gems",    
"pages": [        
{            
	"type": "patchouli:text",            
	"text": "$(l)含义：$()知识与创造力$(br)$(l)主要特性：$() $(2)智慧$()$(br)$(l)获取：$()使用$(#490)$(l:amethyst_imbuement:altars/imbuing_table)注魔台$()制造赛黄晶。"     
},
{
"type": "amethyst_imbuement:imbuing_recipe",
"title": "注魔：赛黄晶",
"imbue_a_item": "minecraft:oxeye_daisy",
"imbue_b_item": "minecraft:oxeye_daisy",
"imbue_c_item": "minecraft:oxeye_daisy",
"imbue_d_item": "minecraft:oxeye_daisy",
"craft_a_item": "minecraft:bone_meal",
"craft_b_item": "minecraft:quartz",
"craft_c_item": "minecraft:bone_meal",
"craft_d_item": "minecraft:quartz",
"craft_e_item": "minecraft:quartz",
"craft_f_item": "minecraft:quartz",
"craft_g_item": "minecraft:bone_meal",
"craft_h_item": "minecraft:quartz",
"craft_i_item": "minecraft:bone_meal",
"result_item": "amethyst_imbuement:danburite#4",
"cost_text": "$(l)消耗等级：$(2)1$()"
},
{
"type": "amethyst_imbuement:altar_recipe",
"anchor": "enhancing_danburite",
"input_item": "minecraft:glowstone_dust",
"addition_item": "minecraft:quartz",
"flower_item": "minecraft:sunflower",
"output_item": "amethyst_imbuement:danburite"
}    
]
}