{    
"name": "钻石",    
"icon": "minecraft:diamond",    
"category": "amethyst_imbuement:gems",    
"pages": [        
	{            
		"type": "patchouli:text",            
		"text": "$(l)含义：$()光明与坚毅$(br)$(l)主要特性：$() $(9)恩典$()$(br)$(l)获取：$()在地底深处开采。"      
	},
	{            
		"type": "patchouli:spotlight",
		"item": "minecraft:diamond",
		"text": "$(o)钻石是宝石女王，传说是矿物之神将所有的宝石压缩在一起创造出了钻石。它能够提供保护并增强你的先天能力。$()"
	}
]
}