{    
"name": "活力欧泊",
"icon": "amethyst_imbuement:energetic_opal",
"category": "amethyst_imbuement:gems",    
"pages": [        
{            
	"type": "patchouli:text",            
	"text": "$(l)含义：$()连结现实各方面的渠道$(br)$(l)主要特性：$() $(2)智慧$()$(br)$(l)获取：$()使用$(#490)$(l:amethyst_imbuement:altars/imbuing_table)注魔台$()制造活力欧泊。"
},
{
"type": "amethyst_imbuement:imbuing_recipe",
"title": "注魔：活力欧泊",
"imbue_a_item": "amethyst_imbuement:danburite",
"imbue_b_item": "amethyst_imbuement:imbued_lapis",
"imbue_c_item": "amethyst_imbuement:imbued_lapis",
"imbue_d_item": "amethyst_imbuement:danburite",
"craft_a_item": "minecraft:air",
"craft_b_item": "amethyst_imbuement:glowing_fragment",
"craft_c_item": "minecraft:air",
"craft_d_item": "amethyst_imbuement:glowing_fragment",
"craft_e_item": "amethyst_imbuement:opal",
"craft_f_item": "amethyst_imbuement:glowing_fragment",
"craft_g_item": "minecraft:air",
"craft_h_item": "amethyst_imbuement:glowing_fragment",
"craft_i_item": "minecraft:air",
"result_item": "amethyst_imbuement:energetic_opal",
"cost_text": "$(l)消耗等级：$(2)13$()"
}      
]
}