{    
"name": "石榴石",    
"icon": "amethyst_imbuement:garnet",    
"category": "amethyst_imbuement:gems",    
"pages": [        
{            
	"type": "patchouli:text",            
	"text": "$(l)含义：$()力量与权势$(br)$(l)主要特性：$() $(c)愤怒$()$(br)$(l)获取：$()使用$(#490)$(l:amethyst_imbuement:altars/imbuing_table)注魔台$()制造石榴石。"      
},
{
"type": "amethyst_imbuement:imbuing_recipe",
"title": "注魔：石榴石",
"imbue_a_item": "minecraft:flint",
"imbue_b_item": "minecraft:flint",
"imbue_c_item": "minecraft:flint",
"imbue_d_item": "minecraft:flint",
"craft_a_item": "amethyst_imbuement:citrine",
"craft_b_item": "minecraft:redstone",
"craft_c_item": "amethyst_imbuement:citrine",
"craft_d_item": "minecraft:redstone",
"craft_e_item": "minecraft:diamond",
"craft_f_item": "minecraft:redstone",
"craft_g_item": "amethyst_imbuement:citrine",
"craft_h_item": "minecraft:redstone",
"craft_i_item": "amethyst_imbuement:citrine",
"result_item": "amethyst_imbuement:garnet",
"cost_text": "$(l)消耗等级：$(2)15$()"
}
]
}
