{    
"name": "荧光碎片",
"icon": "amethyst_imbuement:glowing_fragment",
"category": "amethyst_imbuement:gems",    
"pages": [        
	{            
		"type": "patchouli:text",            
		"text": "$(l)含义：$()魔法潜力$(br)$(l)主要特性：$() $(6)所有$()$(br)$(l)获取：$()只能在世界各地的战利品箱中找到，或者分解$(l:amethyst_imbuement:gems/brilliant_diamond)璀璨钻石$()得到。"
	},
	{            
		"type": "patchouli:crafting",
		"recipe": "amethyst_imbuement:crafting/glowing_fragment",
		"text": "$(o)一块特别的璀璨钻石碎片。这个碎片内里散发着潜能。$()"
	}
]
}