{    
"name": "心石",    
"icon": "amethyst_imbuement:heartstone",    
"category": "amethyst_imbuement:gems",    
"pages": [        
	{            
		"type": "patchouli:text",            
		"text": "$(l)含义：$()生命$(br)$(l)主要特性：$() $(9)恩典$()$(br)$(l)获取：$()心石只能从战利品箱中获得。有谣言说水晶商人们经常在他们的仓库里藏一些。"      
	},
	{            
		"type": "patchouli:spotlight",
		"item": "amethyst_imbuement:heartstone",
		"text": "$(o)创造于地底深处真爱萌发之地。这些强大的水晶可以保护身体免受伤害。$()"
	}
]
}