{    
"name": "注魔青金石",    
"icon": "amethyst_imbuement:imbued_lapis",    
"category": "amethyst_imbuement:gems",    
"pages": [        
{            
	"type": "patchouli:text",            
	"text": "$(l)含义：$()智慧与耐心$(br)$(l)主要特性：$() $(2)智慧$()$(br)$(l)获取：$()使用$(#490)$(l:amethyst_imbuement:altars/imbuing_table)注魔台$()制造注魔青金石或用$(#490)$(l:amethyst_imbuement:altars/crystal_altar)水晶祭坛$()强化$(#b0b)青金石$()得到。"      
},
{
"type": "amethyst_imbuement:imbuing_recipe",
"title": "注魔：注魔青金石",
"imbue_a_item": "minecraft:lilac",
"imbue_b_item": "minecraft:lilac",
"imbue_c_item": "minecraft:lilac",
"imbue_d_item": "minecraft:lilac",
"craft_a_item": "minecraft:lapis_lazuli",
"craft_b_item": "minecraft:lapis_lazuli",
"craft_c_item": "minecraft:lapis_lazuli",
"craft_d_item": "minecraft:lapis_lazuli",
"craft_e_item": "minecraft:book",
"craft_f_item": "minecraft:lapis_lazuli",
"craft_g_item": "minecraft:lapis_lazuli",
"craft_h_item": "minecraft:lapis_lazuli",
"craft_i_item": "minecraft:lapis_lazuli",
"result_item": "amethyst_imbuement:imbued_lapis#4",
"cost_text": "$(l)消耗等级：$(2)1$()"
},
{
"type": "amethyst_imbuement:altar_recipe",
"anchor": "enhancing_lapis",
"input_item": "minecraft:redstone",
"addition_item": "minecraft:lapis_lazuli",
"flower_item": "minecraft:lilac",
"output_item": "amethyst_imbuement:imbued_lapis"
}
]
}