{    
"name": "虹彩灵珠",    
"icon": "amethyst_imbuement:iridescent_orb",    
"category": "amethyst_imbuement:gems",    
"pages": [        
	{            
		"type": "patchouli:text",            
		"text": "$(l)获取：$()制造这些神秘古物的能力早已遗失在时间长河中。虹彩灵珠只能在遍布野外的各种遗迹、神庙和其他结构中找到。多找找战利品箱！$(br2)$(o)它的表面回荡着成百上千的真理$()"      
	},
	{            
		"type": "patchouli:spotlight",
		"item": "amethyst_imbuement:iridescent_orb",
		"text": "$(o)魔法能量从虹彩灵珠中倾泻而出，使用它来创造高级的魔法焦点。$()"       
	}
]
}