{    
"name": "月光石",    
"icon": "amethyst_imbuement:moonstone",    
"category": "amethyst_imbuement:gems",    
"pages": [        
{            
	"type": "patchouli:text",            
	"text": "$(l)含义：$()超自然的保护$(br)$(l)主要特性：$() $(9)恩典$()$(br)$(l)获取：$()使用$(#490)$(l:amethyst_imbuement:altars/imbuing_table)注魔台$()来制造月光石。"      
},
{
"type": "amethyst_imbuement:imbuing_recipe",
"title": "注魔：月光石",
"imbue_a_item": "minecraft:rotten_flesh",
"imbue_b_item": "minecraft:rotten_flesh",
"imbue_c_item": "minecraft:rotten_flesh",
"imbue_d_item": "minecraft:rotten_flesh",
"craft_a_item": "minecraft:prismarine_crystals",
"craft_b_item": "amethyst_imbuement:imbued_quartz",
"craft_c_item": "minecraft:prismarine_crystals",
"craft_d_item": "amethyst_imbuement:imbued_quartz",
"craft_e_item": "minecraft:phantom_membrane",
"craft_f_item": "amethyst_imbuement:imbued_quartz",
"craft_g_item": "minecraft:prismarine_crystals",
"craft_h_item": "amethyst_imbuement:imbued_quartz",
"craft_i_item": "minecraft:prismarine_crystals",
"result_item": "amethyst_imbuement:moonstone",
"cost_text": "$(l)消耗等级：$(2)6$()"
}      
]
}