{    
"name": "欧泊",    
"icon": "amethyst_imbuement:opal",    
"category": "amethyst_imbuement:gems",    
"pages": [        
{            
	"type": "patchouli:text",            
	"text": "$(l)含义：$()扩增与无形$(br)$(l)主要特性：$() $(2)智慧$()$(br)$(l)获取：$()使用$(#490)$(l:amethyst_imbuement:altars/imbuing_table)注魔台$()来制造欧泊。"      
},
{
"type": "amethyst_imbuement:imbuing_recipe",
"title": "注魔：欧泊",
"imbue_a_item": "minecraft:water_bucket",
"imbue_b_item": "minecraft:water_bucket",
"imbue_c_item": "minecraft:water_bucket",
"imbue_d_item": "minecraft:water_bucket",
"craft_a_item": "minecraft:emerald",
"craft_b_item": "minecraft:prismarine_crystals",
"craft_c_item": "amethyst_imbuement:citrine",
"craft_d_item": "minecraft:redstone",
"craft_e_item": "amethyst_imbuement:imbued_quartz",
"craft_f_item": "minecraft:amethyst_shard",
"craft_g_item": "amethyst_imbuement:danburite",
"craft_h_item": "amethyst_imbuement:imbued_lapis",
"craft_i_item": "amethyst_imbuement:smoky_quartz",
"result_item": "amethyst_imbuement:opal",
"cost_text": "$(l)消耗等级：$(2)6$()"
}     
]
}