{    
"name": "海晶石",    
"icon": "minecraft:prismarine_crystals",    
"category": "amethyst_imbuement:gems",    
"pages": [        
	{            
		"type": "patchouli:text",            
		"text": "$(l)含义：$()安宁与祥和$(br)$(l)主要特性：$() $(9)恩典$()$(br)$(l)获取：$()海晶石是海洋的宝石；只能在海洋深处发现。"      
	},
	{            
		"type": "patchouli:spotlight",
		"item": "minecraft:prismarine_crystals",
		"text": "$(o)海晶石是试图平静意念、身体和灵魂的关键，它们是施展保护魔法的重要道具。$()"       
	}
]
}