{    
"name": "黄铁矿",    
"icon": "amethyst_imbuement:pyrite",    
"category": "amethyst_imbuement:gems",    
"pages": [        
{            
	"type": "patchouli:text",            
	"text": "$(l)含义：$()繁荣$(br)$(l)主要特性：$() $(2)智慧$()$(br)$(l)获取：$()使用$(#490)$(l:amethyst_imbuement:altars/imbuing_table)注魔台$()制造黄铁矿。"      
},
{
"type": "amethyst_imbuement:imbuing_recipe",
"title": "注魔：黄铁矿",
"imbue_a_item": "minecraft:iron_ingot",
"imbue_b_item": "minecraft:gold_ingot",
"imbue_c_item": "minecraft:gold_ingot",
"imbue_d_item": "minecraft:iron_ingot",
"craft_a_item": "amethyst_imbuement:imbued_quartz",
"craft_b_item": "minecraft:amethyst_shard",
"craft_c_item": "amethyst_imbuement:imbued_quartz",
"craft_d_item": "amethyst_imbuement:citrine",
"craft_e_item": "amethyst_imbuement:imbued_quartz",
"craft_f_item": "amethyst_imbuement:citrine",
"craft_g_item": "amethyst_imbuement:imbued_quartz",
"craft_h_item": "minecraft:amethyst_shard",
"craft_i_item": "amethyst_imbuement:imbued_quartz",
"result_item": "amethyst_imbuement:pyrite",
"cost_text": "$(l)消耗等级：$(2)8$()"
}     
]
}