{    
"name": "石英",    
"icon": "minecraft:quartz",    
"category": "amethyst_imbuement:gems",    
"pages": [        
	{            
		"type": "patchouli:text",            
		"text": "$(l)含义：$()治愈$(br)$(l)主要特性：$() $(9)恩典$()$(br)$(l)获取：$()在下界深处开采。"      
	},
	{            
		"type": "patchouli:spotlight",
		"item": "minecraft:quartz",
		"text": "$(o)石英是最常见和最基本的水晶之一，可用于制造许多其他重要宝石。当注入更多的魔法能量时，它们的治疗能力会增强。$()"       
	}
]
}