{    
"name": "充能月光石",
"icon": "amethyst_imbuement:tigers_eye",
"category": "amethyst_imbuement:gems",    
"pages": [        
{            
	"type": "patchouli:text",            
	"text": "$(l)含义：$()超自然力量的强大保护$(br)$(l)主要特性：$() $(9)恩典$()$(br)$(l)获取：$()使用$(#490)$(l:amethyst_imbuement:altars/imbuing_table)注魔台$()制造充能月光石。"
},
	{
		"type": "patchouli:spotlight",
		"title": "Tigers Eye",
		"item": "amethyst_imbuement:tigers_eye",
		"link_recipe": true,
		"text": "$(o)It seems to watch over you$()"
	}
]
}