{    
"name": "智慧洞察路线",
"icon": "amethyst_imbuement:scepter_of_insight",
"category": "amethyst_imbuement:scepter_resonance_routes",
"pages": [        
{            
"type": "patchouli:text",            
"text": "沿此路线踏上共鸣之道，从战斗和智慧法术中获取经验。所有法术都有几率二重施放，杀死生物掉落额外经验值。所有法术都比平时高出一级，法术范围也有轻微提升。智慧法术经验值获取加倍。"
},
{
  "type": "amethyst_imbuement:scepter_route",
  "tier_1": "amethyst_imbuement:witty_scepter{modifiers:[{modifier_id:\"amethyst_imbuement:witty\"}]}",
  "tier_2": "amethyst_imbuement:scepter_of_insight{modifiers:[{modifier_id:\"amethyst_imbuement:insightful\"},{modifier_id:\"amethyst_imbuement:lesser_reach\"},{modifier_id:\"amethyst_imbuement:witty\"}]}",
  "tier_3": "amethyst_imbuement:resonance{modifiers:[{modifier_id:\"amethyst_imbuement:echoing\"},{modifier_id:\"amethyst_imbuement:skillful\"},{modifier_id:\"amethyst_imbuement:insightful\"},{modifier_id:\"amethyst_imbuement:witty\"},{modifier_id:\"amethyst_imbuement:lesser_reach\"}]}",
  "spec": "经验获取",
  "spells": "灵魂飞弹，共鸣（独有）",
  "mods": "回响，智慧，熟练，洞悉"
}
]
}
