{    
"name": "Route of Skilled Insight",
"icon": "amethyst_imbuement:scepter_of_insight",
"category": "amethyst_imbuement:scepter_resonance_routes",
"pages": [        
{            
"type": "patchouli:text",            
"text": "Follow this route on the Path of Resonance to persuade your enemies to fight alongside you with your mastery of magic. All your spells have a chance to echo. All of your spells cast as if they are 2 levels above normal, and cost slightly less with Lesser Attuned."
},
{
  "type": "amethyst_imbuement:scepter_route",
  "tier_1": "amethyst_imbuement:skillful_scepter{modifiers:[{modifier_id:\"amethyst_imbuement:skillful\"}]}",
  "tier_2": "amethyst_imbuement:persuasive_scepter{modifiers:[{modifier_id:\"amethyst_imbuement:witty\"},{modifier_id:\"amethyst_imbuement:skillful\"},{modifier_id:\"amethyst_imbuement:lesser_attuned\"}]}",
  "tier_3": "amethyst_imbuement:resonance{modifiers:[{modifier_id:\"amethyst_imbuement:echoing\"},{modifier_id:\"amethyst_imbuement:masterful\"},{modifier_id:\"amethyst_imbuement:witty\"},{modifier_id:\"amethyst_imbuement:lesser_attuned\"}]}",
  "spec": "Mind Control",
  "spells": "(Unique) Resonate, (Unique) Persuade",
  "mods": "Echoing, Masterful, Witty, Lesser Attuned"
}
]
}
