{    
"name": "典雅太平路线",
"icon": "amethyst_imbuement:scepter_of_the_pacifist",
"category": "amethyst_imbuement:scepter_redemption_routes",
"pages": [        
{            
"type": "patchouli:text",            
"text": "沿此路线踏上救赎之道，步入圣域。牺牲其他种类的法术使你的治疗法术效力极强。弱效持久符文使法术持续时间稍稍延长，典雅符文令恩典法术能获得双倍施法经验值。"
},
{
  "type": "amethyst_imbuement:scepter_route",
  "tier_1": "amethyst_imbuement:graceful_scepter{modifiers:[{modifier_id:\"amethyst_imbuement:graceful\"}]}",
  "tier_2": "amethyst_imbuement:scepter_of_the_pacifist{modifiers:[{modifier_id:\"amethyst_imbuement:healers_grace\"}, {modifier_id:\"amethyst_imbuement:healers_pact\"},{modifier_id:\"amethyst_imbuement:graceful\"}]}",
  "tier_3": "amethyst_imbuement:redemption{modifiers:[{modifier_id:\"amethyst_imbuement:saints_grace\"},{modifier_id:\"amethyst_imbuement:saints_pact\"},{modifier_id:\"amethyst_imbuement:lesser_enduring\"},{modifier_id:\"amethyst_imbuement:graceful\"}]}",
  "spec": "Healing Magic",
  "spells": "Bedazzle",
  "mods": "圣人恩典/契约，弱效持久，典雅"
}
]
}
