{    
"name": "持久牧师路线",
"icon": "amethyst_imbuement:clerics_scepter",
"category": "amethyst_imbuement:scepter_redemption_routes",
"pages": [        
{            
"type": "patchouli:text",            
"text": "沿此路线踏上救赎之道，身着牧师长袍施展魔法来治愈你和你的队友。牺牲其他种类的法术使你的治疗法术效力更强，持久符文令法术作用时间大大延长，施放恩典法术能够治愈你的队友。"
},
{
  "type": "amethyst_imbuement:scepter_route",
  "tier_1": "amethyst_imbuement:enduring_scepter{modifiers:[{modifier_id:\"amethyst_imbuement:lesser_enduring\"}]}",
  "tier_2": "amethyst_imbuement:clerics_scepter{modifiers:[{modifier_id:\"amethyst_imbuement:healing\"},{modifier_id:\"amethyst_imbuement:lesser_enduring\"}]}",
  "tier_3": "amethyst_imbuement:redemption{modifiers:[{modifier_id:\"amethyst_imbuement:healers_grace\"},{modifier_id:\"amethyst_imbuement:healers_pact\"},{modifier_id:\"amethyst_imbuement:_enduring\"},{modifier_id:\"amethyst_imbuement:healing\"}]}",
  "spec": "治疗魔法",
  "spells": "治愈",
  "mods": "医师恩典/契约，治愈，持久"
}
]
}
