{    
"name": "持久吟游诗人路线",
"icon": "amethyst_imbuement:bardic_scepter",
"category": "amethyst_imbuement:scepter_redemption_routes",
"pages": [        
{            
"type": "patchouli:text",            
"text": "沿此路线踏上救赎之道，用你的歌声和故事激励周围的人。牺牲其他种类的法术使你的治疗法术效力更强。持久符文令法术作用时间大大延长，并在调和符文作用下减少15%消耗。"
},
{
  "type": "amethyst_imbuement:scepter_route",
  "tier_1": "amethyst_imbuement:enduring_scepter{modifiers:[{modifier_id:\"amethyst_imbuement:lesser_enduring\"}]}",
  "tier_2": "amethyst_imbuement:bardic_scepter{modifiers:[{modifier_id:\"amethyst_core:attuned\"},{modifier_id:\"amethyst_imbuement:enduring\"}]}",
  "tier_3": "amethyst_imbuement:redemption{modifiers:[{modifier_id:\"amethyst_imbuement:healers_grace\"},{modifier_id:\"amethyst_imbuement:healers_pact\"},{modifier_id:\"amethyst_imbuement:greater_enduring\"},{modifier_id:\"amethyst_core:attuned\"}]}",
  "spec": "激励魔法",
  "spells": "鼓舞之歌（特有）",
  "mods": "医师恩典/契约，强效持久，调和"
}
]
}
