{    
"name": "持久太平路线",
"icon": "amethyst_imbuement:scepter_of_the_pacifist",
"category": "amethyst_imbuement:scepter_redemption_routes",
"pages": [        
{            
"type": "patchouli:text",            
"text": "沿此路线踏上救赎之道，步入圣域。牺牲其他种类的法术使你的治疗法术效力极强。持久符文令法术作用时间大大延长。"
},
{
  "type": "amethyst_imbuement:scepter_route",
  "tier_1": "amethyst_imbuement:enduring_scepter{modifiers:[{modifier_id:\"amethyst_imbuement:lesser_enduring\"}]}",
  "tier_2": "amethyst_imbuement:scepter_of_the_pacifist{modifiers:[{modifier_id:\"amethyst_imbuement:healers_grace\"}, {modifier_id:\"amethyst_imbuement:healers_pact\"},{modifier_id:\"amethyst_imbuement:lesser_enduring\"}]}",
  "tier_3": "amethyst_imbuement:redemption{modifiers:[{modifier_id:\"amethyst_imbuement:saints_grace\"},{modifier_id:\"amethyst_imbuement:saints_pact\"},{modifier_id:\"amethyst_imbuement:enduring\"}]}",
  "spec": "治疗魔法",
  "spells": "迷惑",
  "mods": "圣人恩典/契约，持久"
}
]
}
