{    
"name": "闪烁三叉戟",    
"icon": "amethyst_imbuement:glistering_trident",    
"category": "amethyst_imbuement:weapons",    
"pages": [        
{            
"type": "patchouli:text",            
"text": "闪烁三叉戟是普通三叉戟的强化版本。为它附上你发现的所有（或者更多）附魔，让它变得更强吧！$(br2)与普通三叉戟相比基础伤害显著增加。"
},
{
"type": "amethyst_imbuement:imbuing_recipe",
"title": "闪烁三叉戟",
"imbue_a_item": "minecraft:gold_ingot",
"imbue_b_item": "minecraft:gold_ingot",
"imbue_c_item": "minecraft:gold_ingot",
"imbue_d_item": "minecraft:gold_ingot",
"craft_a_item": "minecraft:prismarine_crystals",
"craft_b_item": "amethyst_imbuement:garnet",
"craft_c_item": "minecraft:prismarine_crystals",
"craft_d_item": "amethyst_imbuement:garnet",
"craft_e_item": "minecraft:trident",
"craft_f_item": "amethyst_imbuement:garnet",
"craft_g_item": "minecraft:prismarine_crystals",
"craft_h_item": "amethyst_imbuement:garnet",
"craft_i_item": "minecraft:prismarine_crystals",
"result_item": "amethyst_imbuement:glistering_trident",
"cost_text": "$(l)消耗等级：$(2)15$()"
}
]
}