{    
"name": "狙击弩",    
"icon": "amethyst_imbuement:sniper_bow",    
"category": "amethyst_imbuement:weapons",    
"pages": [        
{            
"type": "patchouli:text",            
"text": "狙击弩是为精准击杀而设计的。除了具有比弩更长的射程和更高的伤害之外，装填之后右击可切换出瞄准镜，以实现精确瞄准。"
},
{
"type": "amethyst_imbuement:imbuing_recipe",
"title": "狙击弩",
"imbue_a_item": "minecraft:ender_eye",
"imbue_b_item": "minecraft:ender_eye",
"imbue_c_item": "minecraft:ender_eye",
"imbue_d_item": "minecraft:ender_eye",
"craft_a_item": "minecraft:air",
"craft_b_item": "minecraft:spyglass",
"craft_c_item": "minecraft:air",
"craft_d_item": "amethyst_imbuement:beryl_copper_ingot",
"craft_e_item": "minecraft:crossbow",
"craft_f_item": "amethyst_imbuement:beryl_copper_ingot",
"craft_g_item": "minecraft:air",
"craft_h_item": "amethyst_imbuement:beryl_copper_ingot",
"craft_i_item": "minecraft:air",
"result_item": "amethyst_imbuement:sniper_bow",
"cost_text": "$(l)消耗等级：$(2)13$()"
},
{
"type": "patchouli:image",
"anchor": "scope",
"title": "狙击弩",
"images": [
"amethyst_imbuement:textures/gui/patchouli/sniper_bow_scope/sniper_bow_scope_0.png",
"amethyst_imbuement:textures/gui/patchouli/sniper_bow_scope/sniper_bow_scope_1.png",
"amethyst_imbuement:textures/gui/patchouli/sniper_bow_scope/sniper_bow_scope_2.png",
"amethyst_imbuement:textures/gui/patchouli/sniper_bow_scope/sniper_bow_scope_3.png",
"amethyst_imbuement:textures/gui/patchouli/sniper_bow_scope/sniper_bow_scope_4.png",
"amethyst_imbuement:textures/gui/patchouli/sniper_bow_scope/sniper_bow_scope_5.png",
"amethyst_imbuement:textures/gui/patchouli/sniper_bow_scope/sniper_bow_scope_6.png"
],
"border": true,
"text": "按下‘=’键来切换瞄准镜纹理（默认设置，可在设置菜单中更改）。"
},
{            
"type": "patchouli:text",
"anchor": "upgrades",
"text": "这款致命武器有几种专属附魔：$(br2)$(l)致命射击$()：进一步增加射程和弹速。$(br)$(l)爆头$()：爆头时造成巨量伤害。$(br)$(l)鹰眼$()：瞄准时获得夜视$(br)$(l)穿甲$()：造成伤害时忽略目标的一部分护甲。"
}
]
}