{    
"name": "经验祭坛",    
"icon": "amethyst_imbuement:altar_of_experience",    
"category": "amethyst_imbuement:altars",    
"pages": [        
{            
"type": "patchouli:text",            
"text": "漂浮在祭坛上方的绿宝石向你投来友好的目光，它守护着你的灵魂免受伤害，并随时准备归还给你。使用祭坛来存储经验。围绕祭坛摆放蜡烛或护卫蜡烛可以提升其存储容量。"
},
{
"type": "patchouli:crafting",
"recipe": "amethyst_imbuement:crafting/altar_of_experience"
},
{
"type": "patchouli:multiblock",
"name": "经验祭坛摆放",
"multiblock": {
	"pattern": [
		["BBBBB","B   B","B 0 B","B   B","BBBBB"]
	],
	"mapping": {                  
	"B": "#minecraft:candles",         
	"0": "amethyst_imbuement:altar_of_experience"     
	}
},
"enable_visualize": false,
"text": "所展示的是最大容量经验祭坛的摆放方式，$(l:amethyst_imbuement:imbuing/warding_candle)护卫蜡烛$()可以提供双倍的容量。"
}
]
}