{    
"name": "水晶祭坛",    
"icon": "amethyst_imbuement:crystal_altar",    
"category": "amethyst_imbuement:altars",    
"pages": [        
{            
"type": "patchouli:text",           
"text": "$(#490)水晶祭坛$()是勤劳的村民们开发的简易工作站。它可以直接将魔法能量注入一些基本水晶而无需消耗更多材料。$(br2)$(l:amethyst_imbuement:gems/imbued_lapis#enhancing_lapis)注魔青金石$()$(br)$(l:amethyst_imbuement:gems/imbued_quartz#enhancing_quartz)注魔石英$()"
},
{
"type": "patchouli:crafting",
"recipe": "amethyst_imbuement:crafting/crystal_altar"
}
]
}