{    
"name": "学识之书",
"icon": "amethyst_imbuement:book_of_lore",
"category": "amethyst_imbuement:imbuing",    
"pages": [        
{            
"type": "patchouli:text",            
"text": "学识之书保存着注魔法术的秘密。这是一个将多余材料转化成新书的回收配方，它效率并不高。探索世界或与村民交易来获得更多书籍。"
},
{
"type": "amethyst_imbuement:imbuing_recipe",
"title": "注魔：学识之书",
"imbue_a_item": "amethyst_imbuement:gem_dust",
"imbue_b_item": "amethyst_imbuement:gem_dust",
"imbue_c_item": "amethyst_imbuement:gem_dust",
"imbue_d_item": "amethyst_imbuement:gem_dust",
"craft_a_item": "minecraft:air",
"craft_b_item": "amethyst_imbuement:knowledge_powder",
"craft_c_item": "minecraft:air",
"craft_d_item": "amethyst_imbuement:citrine",
"craft_e_item": "minecraft:enchanted_book",
"craft_f_item": "amethyst_imbuement:imbued_quartz",
"craft_g_item": "minecraft:air",
"craft_h_item": "amethyst_imbuement:imbued_lapis",
"craft_i_item": "minecraft:air",
"result_item": "amethyst_imbuement:book_of_lore",
"cost_text": "$(l)消耗等级：$(2)19$()"
}
]
}