{    
"name": "附魔之瓶",    
"icon": "minecraft:experience_bottle",    
"category": "amethyst_imbuement:imbuing",    
"pages": [        
{            
"type": "patchouli:text",            
"text": "在地面上摔碎可以获得3到11点经验值。"
},
{
"type": "amethyst_imbuement:imbuing_recipe",
"title": "注魔：附魔之瓶",
"imbue_a_item": "minecraft:lapis_lazuli",
"imbue_b_item": "minecraft:lapis_lazuli",
"imbue_c_item": "minecraft:lapis_lazuli",
"imbue_d_item": "minecraft:lapis_lazuli",
"craft_a_item": "minecraft:glass_bottle",
"craft_b_item": "minecraft:glass_bottle",
"craft_c_item": "minecraft:glass_bottle",
"craft_d_item": "minecraft:glass_bottle",
"craft_e_item": "minecraft:lapis_lazuli",
"craft_f_item": "minecraft:glass_bottle",
"craft_g_item": "minecraft:glass_bottle",
"craft_h_item": "minecraft:glass_bottle",
"craft_i_item": "minecraft:glass_bottle",
"result_item": "minecraft:experience_bottle#8",
"cost_text": "$(l)消耗等级：$(2)5$()"
}
]
}