{    
"name": "Crystallized Light",
"icon": "amethyst_imbuement:crystallized_light_blue",
"category": "amethyst_imbuement:imbuing",    
"pages": [        
{            
"type": "patchouli:text",            
"text": "As useful as Hard Light is, it is constantly shifting and unstable. If only there was a way to stabilize it...?"
},
{
"type": "amethyst_imbuement:imbuing_recipe",
"title": "Crystallized Light",
"imbue_a_item": "minecraft:red_dye",
"imbue_b_item": "minecraft:red_dye",
"imbue_c_item": "minecraft:red_dye",
"imbue_d_item": "minecraft:red_dye",
"craft_a_item": "amethyst_imbuement:hard_light_block",
"craft_b_item": "amethyst_imbuement:hard_light_block",
"craft_c_item": "amethyst_imbuement:hard_light_block",
"craft_d_item": "amethyst_imbuement:hard_light_block",
"craft_e_item": "amethyst_imbuement:glistening_ice",
"craft_f_item": "amethyst_imbuement:hard_light_block",
"craft_g_item": "amethyst_imbuement:hard_light_block",
"craft_h_item": "amethyst_imbuement:hard_light_block",
"craft_i_item": "amethyst_imbuement:hard_light_block",
"result_item": "amethyst_imbuement:crystallized_light_red#16",
"cost_text": "$(l)Level Cost: $(2)1$()"
}
]
}