{    
"name": "水晶核心",    
"icon": "amethyst_imbuement:crystalline_core",    
"category": "amethyst_imbuement:imbuing",    
"pages": [        
{            
"type": "patchouli:text",            
"text": "使用这个作为水晶傀儡的心脏来唤醒它。有关傀儡本身的详细信息请参见以下页面。"
},
{
"type": "amethyst_imbuement:imbuing_recipe",
"title": "注魔：水晶核心",
"imbue_a_item": "minecraft:poppy",
"imbue_b_item": "minecraft:poppy",
"imbue_c_item": "minecraft:poppy",
"imbue_d_item": "minecraft:poppy",
"craft_a_item": "minecraft:amethyst_shard",
"craft_b_item": "minecraft:amethyst_shard",
"craft_c_item": "minecraft:amethyst_shard",
"craft_d_item": "minecraft:amethyst_shard",
"craft_e_item": "amethyst_imbuement:crystalline_heart",
"craft_f_item": "minecraft:amethyst_shard",
"craft_g_item": "minecraft:amethyst_shard",
"craft_h_item": "minecraft:amethyst_shard",
"craft_i_item": "minecraft:amethyst_shard",
"result_item": "amethyst_imbuement:crystalline_core",
"cost_text": "$(l)消耗等级：$(2)10$()"
},
{
"type": "patchouli:entity",
"entity": "amethyst_imbuement:crystal_golem",
"text": "这个危险的傀儡大约有铁傀儡的两倍强。"
},
{
"type": "patchouli:multiblock",
"name": "傀儡放置",
"multiblock": {
	"pattern": [
		[" P "],
		["B0B"],
		[" B "]
	],
	"mapping": {
	"P": "minecraft:carved_pumpkin,minecraft:jack_o_lantern",		
	"B": "minecraft:amethyst_block",         
	"0": "amethyst_imbuement:crystalline_core"     
	}
},
"enable_visualize": false,
"text": "如此摆放以召唤水晶傀儡，南瓜同样需要最后摆放。"
}
]
}