{    
"name": "Dazzling Melon Slice",
"icon": "amethyst_imbuement:dazzling_melon_slice",
"category": "amethyst_imbuement:imbuing",    
"pages": [        
{            
"type": "patchouli:text",            
"text": "This imbued melon slice seems to glow from within. Consuming it heals you."
},
{
"type": "amethyst_imbuement:imbuing_recipe",
"title": "Dazzling Melon Imbuing",
"imbue_a_item": "amethyst_imbuement:imbued_quartz",
"imbue_b_item": "amethyst_imbuement:smoky_quartz",
"imbue_c_item": "amethyst_imbuement:smoky_quartz",
"imbue_d_item": "amethyst_imbuement:imbued_quartz",
"craft_a_item": "minecraft:gold_ingot",
"craft_b_item": "minecraft:glistering_melon_slice",
"craft_c_item": "minecraft:gold_ingot",
"craft_d_item": "minecraft:glistering_melon_slice",
"craft_e_item": "minecraft:glistering_melon_slice",
"craft_f_item": "minecraft:glistering_melon_slice",
"craft_g_item": "minecraft:gold_ingot",
"craft_h_item": "minecraft:glistering_melon_slice",
"craft_i_item": "minecraft:gold_ingot",
"result_item": "amethyst_imbuement:dazzling_melon_slice#4",
"cost_text": "$(l)Level Cost: $(2)7$()"
}
]
}