{    
"name": "机遇宝石",    
"icon": "amethyst_imbuement:gem_of_promise",    
"category": "amethyst_imbuement:imbuing",    
"pages": [        
{            
"type": "patchouli:text",            
"text": "用于创造特化宝石的基础宝石。根据持有者在环境中的经历，机遇宝石会转化为不同的特化宝石。$(br2)$(l:amethyst_imbuement:scepter_upgrading/aspect_gems)特化宝石$()"
},
{
"type": "amethyst_imbuement:imbuing_recipe",
"title": "注魔：机遇宝石",
"imbue_a_item": "amethyst_imbuement:gem_dust",
"imbue_b_item": "amethyst_imbuement:gem_dust",
"imbue_c_item": "amethyst_imbuement:gem_dust",
"imbue_d_item": "amethyst_imbuement:gem_dust",
"craft_a_item": "minecraft:air",
"craft_b_item": "amethyst_imbuement:imbued_quartz",
"craft_c_item": "minecraft:air",
"craft_d_item": "amethyst_imbuement:imbued_quartz",
"craft_e_item": "amethyst_imbuement:knowledge_powder",
"craft_f_item": "amethyst_imbuement:imbued_quartz",
"craft_g_item": "minecraft:air",
"craft_h_item": "amethyst_imbuement:imbued_quartz",
"craft_i_item": "minecraft:air",
"result_item": "amethyst_imbuement:gem_of_promise",
"cost_text": "$(l)消耗等级：$(2)13$()"
}
]
}
