{
  "name": "Glowing Armor",
  "icon": "amethyst_imbuement:glowing_helmet",
  "category": "amethyst_imbuement:imbuing",
  "extra_recipe_mappings": {
    "amethyst_imbuement:glowing_helmet": 1,
    "amethyst_imbuement:glowing_chestplate": 2,
    "amethyst_imbuement:glowing_leggings": 3,
    "amethyst_imbuement:glowing_boots": 4
  },
  "pages": [
    {
      "type": "patchouli:text",
      "text": "A high tier set of gold-like equipment. They are slightly more protective than diamond, but sacrifice a large chunk of durability for extreme enchantability. Glowing Horse Armor is a strict upgrade of garnet, however."
    },
    {
      "type": "amethyst_imbuement:imbuing_recipe",
      "title": "Glowing Helmet Imbuing",
      "imbue_a_item": "minecraft:amethyst_shard",
      "imbue_b_item": "amethyst_imbuement:citrine",
      "imbue_c_item": "amethyst_imbuement:citrine",
      "imbue_d_item": "minecraft:amethyst_shard",
      "craft_a_item": "minecraft:air",
      "craft_b_item": "amethyst_imbuement:glowing_fragment",
      "craft_c_item": "minecraft:air",
      "craft_d_item": "amethyst_imbuement:glowing_fragment",
      "craft_e_item": "amethyst_imbuement:garnet_helmet",
      "craft_f_item": "amethyst_imbuement:glowing_fragment",
      "craft_g_item": "minecraft:air",
      "craft_h_item": "amethyst_imbuement:glowing_fragment",
      "craft_i_item": "minecraft:air",
      "result_item": "amethyst_imbuement:glowing_helmet",
      "cost_text": "$(l)Level Cost: $(2)13$()"
    },
    {
      "type": "amethyst_imbuement:imbuing_recipe",
      "title": "Glowing Chestplate",
      "imbue_a_item": "minecraft:amethyst_shard",
      "imbue_b_item": "amethyst_imbuement:citrine",
      "imbue_c_item": "amethyst_imbuement:citrine",
      "imbue_d_item": "minecraft:amethyst_shard",
      "craft_a_item": "minecraft:air",
      "craft_b_item": "amethyst_imbuement:glowing_fragment",
      "craft_c_item": "minecraft:air",
      "craft_d_item": "amethyst_imbuement:glowing_fragment",
      "craft_e_item": "amethyst_imbuement:garnet_chestplate",
      "craft_f_item": "amethyst_imbuement:glowing_fragment",
      "craft_g_item": "minecraft:air",
      "craft_h_item": "amethyst_imbuement:glowing_fragment",
      "craft_i_item": "minecraft:air",
      "result_item": "amethyst_imbuement:glowing_chestplate",
      "cost_text": "$(l)Level Cost: $(2)13$()"
    },
    {
      "type": "amethyst_imbuement:imbuing_recipe",
      "title": "Glowing Leggings Imbuing",
      "imbue_a_item": "amethyst_imbuement:imbued_lapis",
      "imbue_b_item": "amethyst_imbuement:danburite",
      "imbue_c_item": "amethyst_imbuement:danburite",
      "imbue_d_item": "amethyst_imbuement:imbued_lapis",
      "craft_a_item": "minecraft:air",
      "craft_b_item": "amethyst_imbuement:glowing_fragment",
      "craft_c_item": "minecraft:air",
      "craft_d_item": "amethyst_imbuement:glowing_fragment",
      "craft_e_item": "amethyst_imbuement:garnet_leggings",
      "craft_f_item": "amethyst_imbuement:glowing_fragment",
      "craft_g_item": "minecraft:air",
      "craft_h_item": "amethyst_imbuement:glowing_fragment",
      "craft_i_item": "minecraft:air",
      "result_item": "amethyst_imbuement:glowing_leggings",
      "cost_text": "$(l)Level Cost: $(2)13$()"
    },
    {
      "type": "amethyst_imbuement:imbuing_recipe",
      "title": "Glowing Boots Imbuing",
      "imbue_a_item": "amethyst_imbuement:imbued_lapis",
      "imbue_b_item": "amethyst_imbuement:danburite",
      "imbue_c_item": "amethyst_imbuement:danburite",
      "imbue_d_item": "amethyst_imbuement:imbued_lapis",
      "craft_a_item": "minecraft:air",
      "craft_b_item": "amethyst_imbuement:glowing_fragment",
      "craft_c_item": "minecraft:air",
      "craft_d_item": "amethyst_imbuement:glowing_fragment",
      "craft_e_item": "amethyst_imbuement:garnet_boots",
      "craft_f_item": "amethyst_imbuement:glowing_fragment",
      "craft_g_item": "minecraft:air",
      "craft_h_item": "amethyst_imbuement:glowing_fragment",
      "craft_i_item": "minecraft:air",
      "result_item": "amethyst_imbuement:glowing_boots",
      "cost_text": "$(l)Level Cost: $(2)13$()"
    },
    {
      "type": "amethyst_imbuement:imbuing_recipe",
      "title": "Glowing Horse Armor",
      "imbue_a_item": "amethyst_imbuement:imbued_lapis",
      "imbue_b_item": "amethyst_imbuement:danburite",
      "imbue_c_item": "amethyst_imbuement:danburite",
      "imbue_d_item": "amethyst_imbuement:imbued_lapis",
      "craft_a_item": "minecraft:air",
      "craft_b_item": "amethyst_imbuement:glowing_fragment",
      "craft_c_item": "minecraft:air",
      "craft_d_item": "amethyst_imbuement:glowing_fragment",
      "craft_e_item": "amethyst_imbuement:garnet_horse_armor",
      "craft_f_item": "amethyst_imbuement:glowing_fragment",
      "craft_g_item": "minecraft:air",
      "craft_h_item": "amethyst_imbuement:glowing_fragment",
      "craft_i_item": "minecraft:air",
      "result_item": "amethyst_imbuement:glowing_horse_armor",
      "cost_text": "$(l)Level Cost: $(2)13$()"
    }  ]
}
