{
  "name": "Glowing Equipment",
  "icon": "amethyst_imbuement:glowing_blade",
  "category": "amethyst_imbuement:imbuing",
  "extra_recipe_mappings": {
    "amethyst_imbuement:glowing_blade": 1,
    "amethyst_imbuement:glowing_pick": 2,
    "amethyst_imbuement:glowing_spade": 3,
    "amethyst_imbuement:glowing_axe": 4,
    "amethyst_imbuement:glowing_hoe": 5,
    "amethyst_imbuement:glowing_horse_armor": 6
  },
  "pages": [
    {
      "type": "patchouli:text",
      "text": "A high tier set of gold-like equipment. They are slightly more damaging than diamond, but sacrifice a large chunk of durability for fast mining speed and extreme enchantability."
    },
    {
      "type": "amethyst_imbuement:imbuing_recipe",
      "title": "Glowing Blade Imbuing",
      "imbue_a_item": "minecraft:amethyst_shard",
      "imbue_b_item": "amethyst_imbuement:citrine",
      "imbue_c_item": "amethyst_imbuement:citrine",
      "imbue_d_item": "minecraft:amethyst_shard",
      "craft_a_item": "minecraft:air",
      "craft_b_item": "amethyst_imbuement:glowing_fragment",
      "craft_c_item": "minecraft:air",
      "craft_d_item": "amethyst_imbuement:glowing_fragment",
      "craft_e_item": "amethyst_imbuement:garnet_sword",
      "craft_f_item": "amethyst_imbuement:glowing_fragment",
      "craft_g_item": "minecraft:air",
      "craft_h_item": "amethyst_imbuement:glowing_fragment",
      "craft_i_item": "minecraft:air",
      "result_item": "amethyst_imbuement:glowing_blade",
      "cost_text": "$(l)Level Cost: $(2)13$()"
    },
    {
      "type": "amethyst_imbuement:imbuing_recipe",
      "title": "Glowing Axe Imbuing",
      "imbue_a_item": "minecraft:amethyst_shard",
      "imbue_b_item": "amethyst_imbuement:citrine",
      "imbue_c_item": "amethyst_imbuement:citrine",
      "imbue_d_item": "minecraft:amethyst_shard",
      "craft_a_item": "minecraft:air",
      "craft_b_item": "amethyst_imbuement:glowing_fragment",
      "craft_c_item": "minecraft:air",
      "craft_d_item": "amethyst_imbuement:glowing_fragment",
      "craft_e_item": "amethyst_imbuement:garnet_axe",
      "craft_f_item": "amethyst_imbuement:glowing_fragment",
      "craft_g_item": "minecraft:air",
      "craft_h_item": "amethyst_imbuement:glowing_fragment",
      "craft_i_item": "minecraft:air",
      "result_item": "amethyst_imbuement:glowing_axe",
      "cost_text": "$(l)Level Cost: $(2)13$()"
    },
    {
      "type": "amethyst_imbuement:imbuing_recipe",
      "title": "Glowing Pick Imbuing",
      "imbue_a_item": "amethyst_imbuement:imbued_lapis",
      "imbue_b_item": "amethyst_imbuement:danburite",
      "imbue_c_item": "amethyst_imbuement:danburite",
      "imbue_d_item": "amethyst_imbuement:imbued_lapis",
      "craft_a_item": "minecraft:air",
      "craft_b_item": "amethyst_imbuement:glowing_fragment",
      "craft_c_item": "minecraft:air",
      "craft_d_item": "amethyst_imbuement:glowing_fragment",
      "craft_e_item": "amethyst_imbuement:garnet_pickaxe",
      "craft_f_item": "amethyst_imbuement:glowing_fragment",
      "craft_g_item": "minecraft:air",
      "craft_h_item": "amethyst_imbuement:glowing_fragment",
      "craft_i_item": "minecraft:air",
      "result_item": "amethyst_imbuement:glowing_pick",
      "cost_text": "$(l)Level Cost: $(2)13$()"
    },
    {
      "type": "amethyst_imbuement:imbuing_recipe",
      "title": "Glowing Spade Imbuing",
      "imbue_a_item": "amethyst_imbuement:imbued_lapis",
      "imbue_b_item": "amethyst_imbuement:danburite",
      "imbue_c_item": "amethyst_imbuement:danburite",
      "imbue_d_item": "amethyst_imbuement:imbued_lapis",
      "craft_a_item": "minecraft:air",
      "craft_b_item": "amethyst_imbuement:glowing_fragment",
      "craft_c_item": "minecraft:air",
      "craft_d_item": "amethyst_imbuement:glowing_fragment",
      "craft_e_item": "amethyst_imbuement:garnet_shovel",
      "craft_f_item": "amethyst_imbuement:glowing_fragment",
      "craft_g_item": "minecraft:air",
      "craft_h_item": "amethyst_imbuement:glowing_fragment",
      "craft_i_item": "minecraft:air",
      "result_item": "amethyst_imbuement:glowing_spade",
      "cost_text": "$(l)Level Cost: $(2)13$()"
    },
    {
      "type": "amethyst_imbuement:imbuing_recipe",
      "title": "Glowing Hoe Imbuing",
      "imbue_a_item": "amethyst_imbuement:imbued_lapis",
      "imbue_b_item": "amethyst_imbuement:danburite",
      "imbue_c_item": "amethyst_imbuement:danburite",
      "imbue_d_item": "amethyst_imbuement:imbued_lapis",
      "craft_a_item": "minecraft:air",
      "craft_b_item": "amethyst_imbuement:glowing_fragment",
      "craft_c_item": "minecraft:air",
      "craft_d_item": "amethyst_imbuement:glowing_fragment",
      "craft_e_item": "amethyst_imbuement:garnet_hoe",
      "craft_f_item": "amethyst_imbuement:glowing_fragment",
      "craft_g_item": "minecraft:air",
      "craft_h_item": "amethyst_imbuement:glowing_fragment",
      "craft_i_item": "minecraft:air",
      "result_item": "amethyst_imbuement:glowing_hoe",
      "cost_text": "$(l)Level Cost: $(2)13$()"
    }
  ]
}
