{    
"name": "魔力药水",    
"icon": "amethyst_imbuement:mana_potion",    
"category": "amethyst_imbuement:imbuing",    
"pages": [        
{            
"type": "patchouli:text",            
"text": "恢复法杖与图腾内的法力，如果没有需要法力的物品则提供经验值。"
},
{
"type": "amethyst_imbuement:imbuing_recipe",
"title": "注魔：魔力药水",
"imbue_a_item": "amethyst_imbuement:imbued_lapis",
"imbue_b_item": "amethyst_imbuement:imbued_lapis",
"imbue_c_item": "amethyst_imbuement:imbued_lapis",
"imbue_d_item": "amethyst_imbuement:imbued_lapis",
"craft_a_item": "minecraft:experience_bottle",
"craft_b_item": "minecraft:experience_bottle",
"craft_c_item": "minecraft:experience_bottle",
"craft_d_item": "minecraft:experience_bottle",
"craft_e_item": "amethyst_imbuement:imbued_lapis",
"craft_f_item": "minecraft:experience_bottle",
"craft_g_item": "minecraft:experience_bottle",
"craft_h_item": "minecraft:experience_bottle",
"craft_i_item": "minecraft:experience_bottle",
"result_item": "amethyst_imbuement:mana_potion#8",
"cost_text": "$(l)消耗等级：$(2)5$()"
}
]
}