{    
"name": "Rainbow Shine Lights",
"icon": "amethyst_imbuement:shine_light_rainbow",
"category": "amethyst_imbuement:imbuing",    
"pages": [        
{            
"type": "patchouli:text",            
"text": "Combine several of the colored shine lights and some gem dust to create an iridescent shine light that shifts through the entire color spectrum and emits randomly colored particles."
},
{
"type": "amethyst_imbuement:imbuing_recipe",
"title": "Rainbow Shine Light",
"imbue_a_item": "amethyst_imbuement:gem_dust",
"imbue_b_item": "amethyst_imbuement:gem_dust",
"imbue_c_item": "amethyst_imbuement:gem_dust",
"imbue_d_item": "amethyst_imbuement:gem_dust",
"craft_a_item": "amethyst_imbuement:shine_light_red",
"craft_b_item": "amethyst_imbuement:shine_light_orange",
"craft_c_item": "amethyst_imbuement:shine_light_yellow",
"craft_d_item": "amethyst_imbuement:shine_light_pink",
"craft_e_item": "amethyst_imbuement:gem_dust",
"craft_f_item": "amethyst_imbuement:shine_light_lime",
"craft_g_item": "amethyst_imbuement:shine_light_purple",
"craft_h_item": "amethyst_imbuement:shine_light_blue",
"craft_i_item": "amethyst_imbuement:shine_light_cyan",
"result_item": "amethyst_imbuement:shine_light_rainbow#16",
"cost_text": "$(l)Level Cost: $(2)3$()"
}
]
}