{    
"name": "钢",    
"icon": "amethyst_imbuement:steel_ingot",    
"category": "amethyst_imbuement:imbuing",    
"pages": [        
{            
"type": "patchouli:text",            
"text": "一种坚固耐用的材料，用于加固盔甲和其他物品。"
},
{
"type": "amethyst_imbuement:imbuing_recipe",
"title": "注魔：钢锭",
"imbue_a_item": "minecraft:blaze_powder",
"imbue_b_item": "minecraft:blaze_powder",
"imbue_c_item": "minecraft:blaze_powder",
"imbue_d_item": "minecraft:blaze_powder",
"craft_a_item": "minecraft:raw_iron",
"craft_b_item": "minecraft:raw_iron",
"craft_c_item": "minecraft:raw_iron",
"craft_d_item": "minecraft:raw_iron",
"craft_e_item": "minecraft:coal,minecraft:charcoal",
"craft_f_item": "minecraft:raw_iron",
"craft_g_item": "minecraft:raw_iron",
"craft_h_item": "minecraft:raw_iron",
"craft_i_item": "minecraft:raw_iron",
"result_item": "amethyst_imbuement:steel_ingot#4",
"cost_text": "$(l)消耗等级：$(2)1$()"
}
]
}