{    
"name": "晶化",    
"icon": "amethyst_imbuement:book_of_lore",    
"category": "amethyst_imbuement:weapon_augments",    
"pages": [        
{            
"type": "patchouli:text",            
"text": "$(l)效果：$()提升武器伤害。$(br)$(l)适用于：$() $(#490)任意武器$()$(br)$(l)最高等级：$() 6 $(br)$(l)级别：$()中$(br)$(l)不兼容：$()无"
},
{
"type": "amethyst_imbuement:imbuing_recipe",
"title": "注魔：晶化",
"anchor": "crystalline",
"imbue_a_item": "amethyst_imbuement:garnet",
"imbue_b_item": "minecraft:amethyst_shard",
"imbue_c_item": "minecraft:amethyst_shard",
"imbue_d_item": "minecraft:amethyst_shard",
"craft_a_item": "amethyst_imbuement:citrine",
"craft_b_item": "amethyst_imbuement:citrine",
"craft_c_item": "amethyst_imbuement:citrine",
"craft_d_item": "amethyst_imbuement:citrine",
"craft_e_item": "minecraft:wooden_sword,minecraft:wooden_axe,minecraft:bow,minecraft:crossbow,minecraft:trident,amethyst_imbuement:sniper_bow,amethyst_imbuement:glistering_trident",
"craft_f_item": "amethyst_imbuement:citrine",
"craft_g_item": "amethyst_imbuement:citrine",
"craft_h_item": "amethyst_imbuement:citrine",
"craft_i_item": "amethyst_imbuement:citrine",
"result_item": "minecraft:enchanted_book{StoredEnchantments:[{id:\"amethyst_imbuement:crystalline\",lvl:1}]}",
"cost_text": "$(l)消耗等级：$(2)9$()"
}
]
}
