{    
"name": "爆头",    
"icon": "amethyst_imbuement:book_of_lore",    
"category": "amethyst_imbuement:weapon_augments",    
"pages": [        
{            
"type": "patchouli:text",            
"text": "$(l)效果：$()当命中头部时极大提升$(l:amethyst_imbuement:weapons/sniper_bow)狙击弩$()的伤害$(br)$(l)适用于：$() $(#490)$(l:amethyst_imbuement:weapons/sniper_bow)狙击弩$()$()$(br)$(l)最高等级：$() 1 $(br)$(l)级别：$()中$(br)$(l)不兼容：$()无"
},
{
"type": "amethyst_imbuement:imbuing_recipe",
"title": "注魔：爆头",
"anchor": "headhunter",
"imbue_a_item": "amethyst_imbuement:garnet",
"imbue_b_item": "amethyst_imbuement:danburite",
"imbue_c_item": "amethyst_imbuement:danburite",
"imbue_d_item": "amethyst_imbuement:danburite",
"craft_a_item": "minecraft:ender_eye",
"craft_b_item": "minecraft:spyglass",
"craft_c_item": "minecraft:ender_eye",
"craft_d_item": "minecraft:flint",
"craft_e_item": "amethyst_imbuement:sniper_bow",
"craft_f_item": "minecraft:flint",
"craft_g_item": "minecraft:ender_eye",
"craft_h_item": "minecraft:flint",
"craft_i_item": "minecraft:ender_eye",
"result_item": "minecraft:enchanted_book{StoredEnchantments:[{id:\"amethyst_imbuement:headhunter\",lvl:1}]}",
"cost_text": "$(l)消耗等级：$(2)13$()"
}
]
}