{    
"name": "3级智慧模板",    
"icon": "minecraft:amethyst_block",    
"category": "amethyst_imbuement:scepter_template_augments",    
"pages": [        
{            
"type": "patchouli:text",            
"text": "3级智慧法术的注魔模板。所用的学识之书和关键物品必须匹配，你不能随便用一本书和物品来注魔。$(br)$(l)适用于：$() $(l:amethyst_imbuement:scepters/lustrous_scepter)光辉法杖$()"
},
{
"type": "amethyst_imbuement:imbuing_recipe",
"title": "注魔：3级智慧",
"anchor": "tier_3_wit",
"imbue_a_item": "amethyst_imbuement:ametrine",
"imbue_b_item": "amethyst_imbuement:pyrite",
"imbue_c_item": "amethyst_imbuement:pyrite",
"imbue_d_item": "amethyst_imbuement:pyrite",
"craft_a_item": "minecraft:amethyst_block",
"craft_b_item": "amethyst_imbuement:book_of_mythos",
"craft_c_item": "minecraft:amethyst_block",
"craft_d_item": "minecraft:amethyst_block",
"craft_e_item": "amethyst_imbuement:lustrous_scepter",
"craft_f_item": "minecraft:amethyst_block",
"craft_g_item": "minecraft:amethyst_block",
"craft_h_item": "minecraft:amethyst_block",
"craft_i_item": "minecraft:amethyst_block",
"result_item": "minecraft:enchanted_book"
}
]
}