{    
"name": "2级愤怒模板",    
"icon": "minecraft:tnt",    
"category": "amethyst_imbuement:scepter_template_augments",    
"pages": [        
{            
"type": "patchouli:text",            
"text": "2级愤怒法术的注魔模板。所用的学识之书和关键物品必须匹配，你不能随便用一本书和物品来注魔。$(br)$(l)适用于：$() $(l:amethyst_imbuement:scepters/iridescent_scepter)虹彩法杖$()，$(l:amethyst_imbuement:scepters/lustrous_scepter)光辉法杖$()"
},
{
"type": "amethyst_imbuement:imbuing_recipe",
"title": "注魔：2级愤怒",
"anchor": "tier_2_fury",
"imbue_a_item": "amethyst_imbuement:garnet",
"imbue_b_item": "minecraft:amethyst_shard",
"imbue_c_item": "minecraft:amethyst_shard",
"imbue_d_item": "minecraft:amethyst_shard",
"craft_a_item": "minecraft:air",
"craft_b_item": "amethyst_imbuement:book_of_lore",
"craft_c_item": "minecraft:air",
"craft_d_item": "minecraft:emerald,minecraft:tnt,minecraft:lightning_rod,minecraft:wither_skeleton_skull,amethyst_imbuement:garnet_sword,amethyst_imbuement:glowing_fragment",
"craft_e_item": "amethyst_imbuement:iridescent_scepter,amethyst_imbuement:lustrous_scepter",
"craft_f_item": "minecraft:emerald,minecraft:tnt,minecraft:lightning_rod,minecraft:wither_skeleton_skull,amethyst_imbuement:garnet_sword,amethyst_imbuement:glowing_fragment",
"craft_g_item": "minecraft:air",
"craft_h_item": "minecraft:emerald,minecraft:tnt,minecraft:lightning_rod,minecraft:wither_skeleton_skull,amethyst_imbuement:garnet_sword,amethyst_imbuement:glowing_fragment",
"craft_i_item": "minecraft:air",
"result_item": "minecraft:enchanted_book"
}
]
}