{    
"name": "Ametrine Armor",    
"icon": "amethyst_imbuement:ametrine_chestplate",    
"category": "amethyst_imbuement:recipes",    
"pages": [        
{            
"type": "patchouli:text",            
"text": "Ametrine Armor is a further upgrade to Netherite Armor. It offers improved protection, knockback resistance, armor toughness, and durability."
},
  {
    "type": "amethyst_imbuement:altar_recipe",
    "input_item": "amethyst_imbuement:knowledge_powder",
    "addition_item": "minecraft:netherite_helmet",
    "flower_item": "amethyst_imbuement:ametrine",
    "output_item": "amethyst_imbuement:ametrine_helmet"
  },
  {
    "type": "amethyst_imbuement:altar_recipe",
    "input_item": "amethyst_imbuement:knowledge_powder",
    "addition_item": "minecraft:netherite_chestplate",
    "flower_item": "amethyst_imbuement:ametrine",
    "output_item": "amethyst_imbuement:ametrine_chestplate"
  },
  {
    "type": "amethyst_imbuement:altar_recipe",
    "input_item": "amethyst_imbuement:knowledge_powder",
    "addition_item": "minecraft:netherite_leggings",
    "flower_item": "amethyst_imbuement:ametrine",
    "output_item": "amethyst_imbuement:ametrine_leggings"
  },
  {
    "type": "amethyst_imbuement:altar_recipe",
    "input_item": "amethyst_imbuement:knowledge_powder",
    "addition_item": "minecraft:netherite_boots",
    "flower_item": "amethyst_imbuement:ametrine",
    "output_item": "amethyst_imbuement:ametrine_boots"
  },
  {
    "type": "amethyst_imbuement:altar_recipe",
    "input_item": "amethyst_imbuement:knowledge_powder",
    "addition_item": "amethyst_imbuement:garnet_horse_armor",
    "flower_item": "amethyst_imbuement:ametrine",
    "output_item": "amethyst_imbuement:ametrine_horse_armor"
  }
]
}