{    
"name": "Ametrine Equipment",
"icon": "amethyst_imbuement:ametrine_sword",
"category": "amethyst_imbuement:recipes",    
"pages": [        
{            
"type": "patchouli:text",            
"text": "Ametrine Equipment is a further upgrade to Netherite Equipment. It offers improved damage and durability."
},
  {
    "type": "amethyst_imbuement:altar_recipe",
    "input_item": "amethyst_imbuement:knowledge_powder",
    "addition_item": "minecraft:netherite_axe",
    "flower_item": "amethyst_imbuement:ametrine",
    "output_item": "amethyst_imbuement:ametrine_axe"
  },
  {
    "type": "amethyst_imbuement:altar_recipe",
    "input_item": "amethyst_imbuement:knowledge_powder",
    "addition_item": "minecraft:netherite_hoe",
    "flower_item": "amethyst_imbuement:ametrine",
    "output_item": "amethyst_imbuement:ametrine_hoe"
  },
  {
    "type": "amethyst_imbuement:altar_recipe",
    "input_item": "amethyst_imbuement:knowledge_powder",
    "addition_item": "minecraft:netherite_pickaxe",
    "flower_item": "amethyst_imbuement:ametrine",
    "output_item": "amethyst_imbuement:ametrine_pickaxe"
  },
  {
    "type": "amethyst_imbuement:altar_recipe",
    "input_item": "amethyst_imbuement:knowledge_powder",
    "addition_item": "minecraft:netherite_shovel",
    "flower_item": "amethyst_imbuement:ametrine",
    "output_item": "amethyst_imbuement:ametrine_shovel"
  },
  {
    "type": "amethyst_imbuement:altar_recipe",
    "input_item": "amethyst_imbuement:knowledge_powder",
    "addition_item": "minecraft:netherite_sword",
    "flower_item": "amethyst_imbuement:ametrine",
    "output_item": "amethyst_imbuement:ametrine_sword"
  }
]
}