{    
"name": "Enhancing Recipes",    
"icon": "amethyst_imbuement:crystal_altar",    
"category": "amethyst_imbuement:recipes",    
"pages": [        
{            
"type": "patchouli:text",
"title": "Hard Light Block",
"text": "The crystal altars primary purpose is to enhance simple crystals into basic magical gems, but that's not all it's good for! With various dusts and catalysts several other useful things can be done with the table. For example, pure blocks of solidified light can be made!"
},
{
"type": "amethyst_imbuement:altar_recipe",
"anchor": "enhancing_hard_light",
"input_item": "minecraft:glowstone_dust",
"addition_item": "tag:c:glass_blocks",
"flower_item": "minecraft:sunflower",
"output_item": "amethyst_imbuement:hard_light_block"
},
{
"type": "patchouli:text",
  "title": "Empty Spell Scroll",
"text": "Spell scrolls hold the magical energy of a spell within paper, waiting to be used up or to be transferred to a more permanent home on a scepter. In order to create a spell scroll, one must start with an empty one."
},
{
"type": "amethyst_imbuement:altar_recipe",
"anchor": "enhancing_empty_spell_scroll",
"input_item": "amethyst_imbuement:gem_dust",
"addition_item": "amethyst_imbuement:shimmering_fabric",
"flower_item": "minecraft:sunflower",
"output_item": "amethyst_imbuement:empty_spell_scroll"
},
{
"type": "patchouli:text",
  "title": "Glistening Ice",
"text": "Blue ice makes for a fantastic skating rink, but with a little magic, it can be made even better! Glistening ice is more slippery than blue ice, and it's useful in magical recipes."
},
{
"type": "amethyst_imbuement:altar_recipe",
"anchor": "enhancing_glistening_ice",
"input_item": "amethyst_imbuement:gem_dust",
"addition_item": "minecraft:blue_ice",
"flower_item": "minecraft:peony",
"output_item": "amethyst_imbuement:glistening_ice"
},
{
"type": "patchouli:text",
  "title": "Leather",
"text": "More alchemy than simple enhancing, the altar can cure the rotten flesh of fallen undead, converting it into a more useable leathery product."
},
{
"type": "amethyst_imbuement:altar_recipe",
"anchor": "enhancing_leather",
"input_item": "minecraft:gunpowder",
"addition_item": "minecraft:rotten_flesh",
"flower_item": "minecraft:dandelion",
"output_item": "minecraft:leather"
},
{            
"type": "patchouli:text",
  "title": "Shine Light",
"text": "Shine lights combine all the sunny characteristics of the sunflower with the literal glowing magic of glowstone dust into a compact and convenient light source."
},
{
"type": "amethyst_imbuement:altar_recipe",
"anchor": "enhancing_shine_light",
"input_item": "minecraft:glowstone_dust",
"addition_item": "minecraft:torch",
"flower_item": "minecraft:sunflower",
"output_item": "amethyst_imbuement:shine_light#2"
}
]
}
