{
  "name": "Garnet Armor",
  "icon": "amethyst_imbuement:garnet_helmet",
  "category": "amethyst_imbuement:recipes",
  "pages": [
    {
      "type": "patchouli:text",
      "text": "Garnet Armor is an alternate enhancing upgrade for diamond tools. They have the same protection values, but massively increased durability. They are also the central ingredient in imbuing $(l:amethyst_imbuement:imbuing/glowing_armor)Glowing Armor$()"
    },
    {
      "type": "amethyst_imbuement:altar_recipe",
      "input_item": "amethyst_imbuement:gem_dust",
      "addition_item": "minecraft:diamond_helmet",
      "flower_item": "amethyst_imbuement:garnet",
      "output_item": "amethyst_imbuement:garnet_helmet"
    },
    {
      "type": "amethyst_imbuement:altar_recipe",
      "input_item": "amethyst_imbuement:gem_dust",
      "addition_item": "minecraft:diamond_chestplate",
      "flower_item": "amethyst_imbuement:garnet",
      "output_item": "amethyst_imbuement:garnet_chestplate"
    },
    {
      "type": "amethyst_imbuement:altar_recipe",
      "input_item": "amethyst_imbuement:gem_dust",
      "addition_item": "minecraft:diamond_leggings",
      "flower_item": "amethyst_imbuement:garnet",
      "output_item": "amethyst_imbuement:garnet_leggings"
    },
    {
      "type": "amethyst_imbuement:altar_recipe",
      "input_item": "amethyst_imbuement:gem_dust",
      "addition_item": "minecraft:diamond_boots",
      "flower_item": "amethyst_imbuement:garnet",
      "output_item": "amethyst_imbuement:garnet_boots"
    },
    {
      "type": "amethyst_imbuement:altar_recipe",
      "input_item": "amethyst_imbuement:gem_dust",
      "addition_item": "minecraft:diamond_horse_armor",
      "flower_item": "amethyst_imbuement:garnet",
      "output_item": "amethyst_imbuement:garnet_horse_armor"
    }
  ]
}