{
  "name": "Garnet Equipment",
  "icon": "amethyst_imbuement:garnet_pickaxe",
  "category": "amethyst_imbuement:recipes",
  "pages": [
    {
      "type": "patchouli:text",
      "text": "Garnet Equipment is an alternate enhancing upgrade for diamond tools. They have the same damage and usage levels, but massively increased durability. They are also the central ingredient in imbuing $(l:amethyst_imbuement:imbuing/glowing_tools)Glowing Tools$()"
    },
    {
      "type": "amethyst_imbuement:altar_recipe",
      "input_item": "amethyst_imbuement:gem_dust",
      "addition_item": "minecraft:diamond_axe",
      "flower_item": "amethyst_imbuement:garnet",
      "output_item": "amethyst_imbuement:garnet_axe"
    },
    {
      "type": "amethyst_imbuement:altar_recipe",
      "input_item": "amethyst_imbuement:gem_dust",
      "addition_item": "minecraft:diamond_hoe",
      "flower_item": "amethyst_imbuement:garnet",
      "output_item": "amethyst_imbuement:garnet_hoe"
    },
    {
      "type": "amethyst_imbuement:altar_recipe",
      "input_item": "amethyst_imbuement:gem_dust",
      "addition_item": "minecraft:diamond_pickaxe",
      "flower_item": "amethyst_imbuement:garnet",
      "output_item": "amethyst_imbuement:garnet_pickaxe"
    },
    {
      "type": "amethyst_imbuement:altar_recipe",
      "input_item": "amethyst_imbuement:gem_dust",
      "addition_item": "minecraft:diamond_shovel",
      "flower_item": "amethyst_imbuement:garnet",
      "output_item": "amethyst_imbuement:garnet_shovel"
    },
    {
      "type": "amethyst_imbuement:altar_recipe",
      "input_item": "amethyst_imbuement:gem_dust",
      "addition_item": "minecraft:diamond_sword",
      "flower_item": "amethyst_imbuement:garnet",
      "output_item": "amethyst_imbuement:garnet_sword"
    }
  ]
}