{
  "name": "宝石粉尘回收",
  "icon": "amethyst_imbuement:gem_dust",
  "category": "amethyst_imbuement:recipes",
  "pages": [
    {
      "type": "patchouli:text",
      "text": "宝石粉尘是升级法杖所需特化宝石的基本原料。将魔法物品回收制成全新的、更有用的物品。"
    },
    {
      "type": "patchouli:crafting",
      "recipe": "amethyst_imbuement:crafting/gem_dust_from_book_of_lore",
      "recipe2": "amethyst_imbuement:crafting/gem_dust_from_book_of_mythos"
    },
    {
      "type": "patchouli:crafting",
      "recipe": "amethyst_imbuement:crafting/gem_dust_from_enchanted_book",
      "recipe2": "amethyst_imbuement:crafting/gem_dust_from_iridescent_orb"
    },
    {
      "type": "patchouli:crafting",
      "recipe": "amethyst_imbuement:crafting/gem_dust_from_lustrous_sphere",
      "recipe2": "amethyst_imbuement:crafting/gem_dust_from_glowing_fragment"

    },
    {
      "type": "patchouli:crafting",
      "recipe": "amethyst_imbuement:crafting/gem_dust_from_aspect_gem",
      "recipe2": "amethyst_imbuement:crafting/gem_dust_from_spell_scroll"
    }
  ]
}
