{    
"name": "Crafting Recipes",    
"icon": "minecraft:crafting_table",    
"category": "amethyst_imbuement:recipes",    
"pages": [        
{            
"type": "patchouli:text",            
"text": "Following are recipes for important items, trinkets, and other necessities."
},
{
"type": "patchouli:crafting",
"anchor": "golden_heart",
"recipe": "amethyst_imbuement:crafting/golden_heart",
"recipe2": "amethyst_imbuement:crafting/steel_block"
},
{
"type": "patchouli:crafting",
"anchor": "beryl_copper_block",
"recipe": "amethyst_imbuement:crafting/beryl_copper_block",
"recipe2": "amethyst_imbuement:crafting/cut_beryl_copper_block"
},
{
"type": "patchouli:crafting",
"recipe": "amethyst_imbuement:crafting/cut_beryl_copper_stairs",
"recipe2": "amethyst_imbuement:crafting/cut_beryl_copper_slab"
},
{
"type": "patchouli:crafting",
"anchor": "chipped_anvil_combine",
"recipe": "amethyst_imbuement:crafting/chipped_anvil_combine",
"recipe2": "amethyst_imbuement:crafting/damaged_anvil_combine"
},
{
"type": "patchouli:crafting",
"anchor": "polished_amethyst_block",
"recipe": "amethyst_imbuement:crafting/polished_amethyst_block",
"recipe2": "amethyst_imbuement:crafting/polished_amethyst_bricks"
},
{
"type": "patchouli:crafting",
"recipe": "amethyst_imbuement:crafting/chiseled_polished_amethyst_block",
"recipe2": "amethyst_imbuement:crafting/polished_amethyst_slab"
},
{
"type": "patchouli:crafting",
"recipe": "amethyst_imbuement:crafting/polished_amethyst_stairs",
"recipe2": "amethyst_imbuement:crafting/polished_amethyst_pillar"
}
]
}