{
  "name": "谐振杆",
  "icon": "amethyst_imbuement:resonant_rod",
  "category": "amethyst_imbuement:recipes",
  "pages": [
    {
      "type": "patchouli:text",
      "text": "$(o)它敲击时发出悦耳的声响$()$(br2)谐振杆用于注魔三级法杖$(l:amethyst_imbuement:scepters/resonance)振之谐$()以穷尽$(l:amethyst_imbuement:scepter_paths/path_of_resonance)共鸣之道$()。"
    },
    {
      "type": "patchouli:crafting",
      "recipe": "amethyst_imbuement:crafting/resonant_rod"
    }
  ]
}
