{    
"name": "Steel Gear",
"icon": "amethyst_imbuement:steel_sword",
"category": "amethyst_imbuement:recipes",    
"pages": [        
{            
"type": "patchouli:text",            
"text": "Steel Gear is a basic set of gear that is a slight upgrade over Iron."
},
{
"type": "patchouli:crafting",
"anchor": "steel_helmet",
"recipe": "amethyst_imbuement:crafting/steel_helmet",
"recipe2": "amethyst_imbuement:crafting/steel_chestplate"
},
{
"type": "patchouli:crafting",
"recipe": "amethyst_imbuement:crafting/steel_leggings",
"recipe2": "amethyst_imbuement:crafting/steel_boots"
},
{
"type": "patchouli:crafting",
"recipe": "amethyst_imbuement:crafting/steel_axe",
"recipe2": "amethyst_imbuement:crafting/steel_hoe"
},
{
"type": "patchouli:crafting",
"recipe": "amethyst_imbuement:crafting/steel_pickaxe",
"recipe2": "amethyst_imbuement:crafting/steel_shovel"
},
{
"type": "patchouli:crafting",
"recipe": "amethyst_imbuement:crafting/steel_sword",
"recipe2": "amethyst_imbuement:crafting/steel_horse_armor"
}
]
}