{    
"name": "Route of Graceful Harvests",
"icon": "amethyst_imbuement:scepter_of_harvests",
"category": "amethyst_imbuement:scepter_aegis_routes",
"pages": [        
{            
"type": "patchouli:text",            
"text": "Follow this route on the Path of the Aegis  to tend to your crops and animals with high tier harvest magic. Casting spells shields and protects you and your allies, and damage to the undead is increased with Smiting. Your spells gain +1 XP with Graceful, have a larger area of effect with Reach, and cost slightly less with Lesser Thrifty"
},
{
  "type": "amethyst_imbuement:scepter_route",
  "tier_1": "amethyst_imbuement:graceful_scepter{modifiers:[{modifier_id:\"amethyst_imbuement:graceful\"}]}",
  "tier_2": "amethyst_imbuement:scepter_of_harvests{modifiers:[{modifier_id:\"amethyst_imbuement:reach\"},{modifier_id:\"amethyst_imbuement:lesser_thrifty\"},{modifier_id:\"amethyst_imbuement:graceful\"}]}",
  "tier_3": "amethyst_imbuement:aegis{modifiers:[{modifier_id:\"amethyst_imbuement:protective\"},{modifier_id:\"amethyst_imbuement:smiting\"},{modifier_id:\"amethyst_imbuement:reach\"},{modifier_id:\"amethyst_imbuement:lesser_thrifty\"},{modifier_id:\"amethyst_imbuement:graceful\"}]}",
  "spec": "Farming Magic",
  "spells": "(Unique) Animal Husbandry",
  "mods": "Protective,Smiting, Reach, Lesser Thrifty, Graceful"
}
]
}
