{    
"name": "持久先锋路线",
"icon": "amethyst_imbuement:scepter_of_the_vanguard",
"category": "amethyst_imbuement:scepter_aegis_routes",
"pages": [        
{            
"type": "patchouli:text",            
"text": "沿此路线踏上守护之道，成为对抗黑暗的前线中的一份子。有了光明战士符文，影响敌人的法术能够攻击并削弱他们。恩典法术效果时间在弱效持久符文加持下稍稍延长，典雅符文使你能够获得双倍的施法经验值，保护符文让法术能够保护你和你的队友。"
},
{
  "type": "amethyst_imbuement:scepter_route",
  "tier_1": "amethyst_imbuement:enduring_scepter{modifiers:[{modifier_id:\"amethyst_imbuement:lesser_enduring\"}]}",
  "tier_2": "amethyst_imbuement:scepter_of_the_vanguard{modifiers:[{modifier_id:\"amethyst_imbuement:smiting\"},{modifier_id:\"amethyst_imbuement:graceful\"},{modifier_id:\"amethyst_imbuement:lesser_enduring\"}]}",
  "tier_3": "amethyst_imbuement:aegis{modifiers:[{modifier_id:\"amethyst_imbuement:protective\"},{modifier_id:\"amethyst_imbuement:warrior_of_light\"},{modifier_id:\"amethyst_imbuement:graceful\"},{modifier_id:\"amethyst_imbuement:lesser_enduring\"}]}",
  "spec": "神圣战士魔法",
  "spells": "屏障（特有）",
  "mods": "光明战士，弱效持久，典雅，保护"
}
]
}
