{    
"name": "典雅圣骑士路线",
"icon": "amethyst_imbuement:scepter_of_the_paladin",
"category": "amethyst_imbuement:scepter_aegis_routes",
"pages": [        
{            
"type": "patchouli:text",            
"text": "如果想用高级的保护魔法来支援你的队友，请沿此路线踏上守护之道。有了温柔捍卫者符文，在施法时可以施加护盾保护你和你的队友。你的恩典法术效果时间在弱效持久符文加持下稍稍延长，典雅符文使你能够获得双倍的施法经验值,圣光符文提升了对亡灵生物的伤害。"
},
{
  "type": "amethyst_imbuement:scepter_route",
  "tier_1": "amethyst_imbuement:graceful_scepter{modifiers:[{modifier_id:\"amethyst_imbuement:graceful\"}]}",
  "tier_2": "amethyst_imbuement:scepter_of_the_paladin{modifiers:[{modifier_id:\"amethyst_imbuement:protective\"},{modifier_id:\"amethyst_imbuement:lesser_enduring\"},{modifier_id:\"amethyst_imbuement:graceful\"}]}",
  "tier_3": "amethyst_imbuement:aegis{modifiers:[{modifier_id:\"amethyst_imbuement:champion_of_the_meek\"},{modifier_id:\"amethyst_imbuement:smiting\"},{modifier_id:\"amethyst_imbuement:lesser_enduring\"},{modifier_id:\"amethyst_imbuement:graceful\"}]}",
  "spec": "保护魔法",
  "spells": "强化",
  "mods": "温柔捍卫者，弱效持久，典雅，圣光"
}
]
}
