{    
"name": "注魔珠宝",    
"icon": "amethyst_imbuement:imbued_ring",    
"category": "amethyst_imbuement:trinkets",    
"pages": [        
{            
"type": "patchouli:text",            
"text": "注魔之后，你的珠宝可以容纳魔法。$(l)注意每件珠宝只能拥有一个强化。谨慎选择！$()$(br2)要想选择另一个强化，需要先用$(#490)砂轮$()或$(#490)$(l:amethyst_imbuement:altars/disenchanting_table)祛魔台$()移除当前的强化。$(br2)注魔珠宝在此前速度提升的基础上增加了一个护盾光环 (效果可叠加)。"
},
{
"type": "amethyst_imbuement:imbuing_recipe",
"title": "注魔：注魔珠宝",
"imbue_a_item": "minecraft:gold_ingot",
"imbue_b_item": "minecraft:gold_ingot",
"imbue_c_item": "minecraft:gold_ingot",
"imbue_d_item": "minecraft:gold_ingot",
"craft_a_item": "minecraft:air",
"craft_b_item": "amethyst_imbuement:imbued_quartz",
"craft_c_item": "minecraft:air",
"craft_d_item": "amethyst_imbuement:imbued_lapis",
"craft_e_item": "amethyst_imbuement:copper_ring,amethyst_imbuement:copper_headband,amethyst_imbuement:copper_amulet,amethyst_imbuement:copper_ward",
"craft_f_item": "amethyst_imbuement:imbued_lapis",
"craft_g_item": "minecraft:air",
"craft_h_item": "tag:amethyst_imbuement:focus_reagents",
"craft_i_item": "minecraft:air",
"result_item": "amethyst_imbuement:imbued_ring,amethyst_imbuement:imbued_headband,amethyst_imbuement:imbued_amulet",
"cost_text": "$(l)消耗等级：$(2)13-17$()"
}
]
}