{
  "name": "Spellcasters Focus",
  "icon": "amethyst_imbuement:spellcasters_focus",
  "category": "amethyst_imbuement:trinkets",
  "pages": [
    {
      "type": "patchouli:text",
      "text": "A Spellcaster's Focus offers a glimpse into the very fabric of the creator and wielders being, reflecting both their total commitment to magical crafts as well their personal magical journey.$(br2)Creating a powerful focus is a simple but demanding process. Simply imbue an Unlit SpellCaster's Focus and then start casting spells while holding it in your offhand!"
    },
    {
    "type": "patchouli:spotlight",
      "item": "tag:amethyst_imbuement:focus_reagents",
      "title": "Spellcaster Reagents",
      "link_recipe": false,
      "text": "When crafting the unlit focus, it is $(l)very important$() that you pick the bottom middle ingredient carefully. Different ingredients imbue the focus with different innate attributes; pick one that suits your playstyle! Some provide negative effects so pick wisely! See the $(l:amethyst_imbuement:trinkets/focus_reagents)focus reagents$() entry for details."
    },
    {
      "type": "amethyst_imbuement:imbuing_recipe",
      "title": "Focus Imbuing",
      "imbue_a_item": "minecraft:gold_ingot",
      "imbue_b_item": "minecraft:gold_ingot",
      "imbue_c_item": "minecraft:gold_ingot",
      "imbue_d_item": "minecraft:gold_ingot",
      "craft_a_item": "amethyst_imbuement:blazing_gem",
      "craft_b_item": "amethyst_imbuement:healers_gem",
      "craft_c_item": "amethyst_imbuement:sparking_gem",
      "craft_d_item": "amethyst_imbuement:mystical_gem",
      "craft_e_item": "amethyst_imbuement:crystalline_heart",
      "craft_f_item": "amethyst_imbuement:inquisitive_gem",
      "craft_g_item": "amethyst_imbuement:lethal_gem",
      "craft_h_item": "tag:amethyst_imbuement:focus_reagents",
      "craft_i_item": "amethyst_imbuement:brutal_gem",
      "result_item": "amethyst_imbuement:spellcasters_focus",
      "cost_text": "$(l)Level Cost: $(2)39$()"
    },
    {
      "type": "patchouli:text",
      "text": "An Unlit Focus doesn't do very much on its own, besides its subtle innate attribute (if you picked a reagent with an attribute!). To fully unlock the focus's potential it needs to be upgraded.$(br2)Fortunately upgrading a focus is a very simple process: just start casting spells with it held in your offhand! The focus tooltip will show its current tier and the spell experience it currently has. Also displayed is the progress towards the next tier."
    },
    {
      "type": "patchouli:text",
      "text": "Once a focus reaches the next tier, it will ignite, offering you three different chances to affix it with new modifiers! Made a mistake, or don't like the options available? You can also respec a focus.$(br2)$(l)IMPORTANT: If you devote most of your spellcasting efforts to a specific spell, your focus will attune to that spell, and one of the ignited options will be a spell-specific modifier that provides that spell a large boost.$()"
    },
    {
      "type": "amethyst_imbuement:altar_recipe",
      "anchor": "enhancing_focus_respec",
      "input_item": "amethyst_imbuement:gem_dust",
      "addition_item": "amethyst_imbuement:spellcasters_focus",
      "flower_item": "amethyst_imbuement:mystical_gem",
      "output_item": "amethyst_imbuement:spellcasters_focus"
    }
  ]
}
