{    
"name": "紫水晶图腾",    
"icon": "amethyst_imbuement:totem_of_amethyst",    
"category": "amethyst_imbuement:trinkets",    
"pages": [        
{            
"type": "patchouli:text",            
"text": "紫水晶图腾是一件强大的法器，让人联想到灾厄村民们制作的图腾。图腾拥有灵魂，因此它们是比珠宝更有力的容器。$(l)一个图腾可以同时拥有一个被动强化$(o)和$()$(l)一个主动强化。$()$(br2)想要改变强化，需要先用$(#490)砂轮$()或$(l:amethyst_imbuement:altars/disenchanting_table)祛魔台$()移除当前的强化。"
},
{
"type": "patchouli:crafting",
"anchor": "totem",
"recipe": "amethyst_imbuement:crafting/totem_of_amethyst"
}
]
}