{    
"name": "图腾指南",
"priority": true,
"icon": "amethyst_imbuement:totem_of_amethyst",    
"category": "amethyst_imbuement:trinkets",    
"pages": [        
{            
"type": "patchouli:text",            
"text": "在此你将学习如何掌握紫水晶图腾及其能力。开始：$(li)首先，找到一颗$(#b0b)海洋之心$()并将其合成为$(l:amethyst_imbuement:recipes/recipes)$(#b0b)黄金之心$()。$(li)然后将配合一些灵魂能量它注魔为$(#b0b)$(l:amethyst_imbuement:imbuing/crystalline_heart)水晶之心$()，这样它便可以给予你能力。"
},
{            
"type": "patchouli:text",            
"text": "$(li)有了这颗鲜活的心脏，你可以制作$(#b0b)紫水晶图腾$()。$(li)之后便可以为其施以合适的强化来赋予强大的主动和被动能力！$(br2)$(l)注意：一个图腾只能同时拥有一个被动$(o)和$()$(l)一个主动强化！$()"
}
]
}