{
  "name": "Witches Orb",
  "icon": "amethyst_imbuement:witches_orb",
  "category": "amethyst_imbuement:trinkets",
  "pages": [
    {
      "type": "patchouli:text",
      "text": "The mesmerizing witches orb is many witches first steps into crafting a magical offhand bauble. Simple to craft, they offer a single powerful modifier that augments your scepter spells the same as any modifiers directly affixed to the scepter itself. Great for early-mid game augmentation of your spellcasting, it is recommended to upgrade to the much more involved $(l:amethyst_imbuement:trinkets/spellcasters_focus)Spellcasters Focus$() once you have more resources."
    },
    {
    "type": "patchouli:spotlight",
      "item": "tag:amethyst_imbuement:aspect_gems",
      "title": "Aspect Modifiers",
      "link_recipe": false,
      "text": "When crafting the orb, pick the center aspect gem carefully! Each one imbues the orb with a different Scepter Modifier. In some cases, the modifier is unique to the orb and can't be obtained any other way. See the $(l:amethyst_imbuement:scepter_upgrading/aspect_gems)aspect gems$() entry for details."
    },
    {
      "type": "amethyst_imbuement:imbuing_recipe",
      "title": "Witches Orb Imbuing",
      "imbue_a_item": "amethyst_imbuement:opal",
      "imbue_b_item": "amethyst_imbuement:opal",
      "imbue_c_item": "amethyst_imbuement:opal",
      "imbue_d_item": "amethyst_imbuement:opal",
      "craft_a_item": "amethyst_imbuement:gem_dust",
      "craft_b_item": "amethyst_imbuement:hard_light_block",
      "craft_c_item": "amethyst_imbuement:gem_dust",
      "craft_d_item": "amethyst_imbuement:hard_light_block",
      "craft_e_item": "tag:amethyst_imbuement:aspect_gems",
      "craft_f_item": "amethyst_imbuement:hard_light_block",
      "craft_g_item": "amethyst_imbuement:gem_dust",
      "craft_h_item": "amethyst_imbuement:hard_light_block",
      "craft_i_item": "amethyst_imbuement:gem_dust",
      "result_item": "amethyst_imbuement:witches_orb",
      "cost_text": "$(l)Level Cost: $(2)19$()"
    }
  ]
}
