{
  "name": "Empty Spell Scroll",
  "icon": "amethyst_imbuement:empty_spell_scroll",
  "category": "amethyst_imbuement:spells",
  "pages": [
    {
      "type": "patchouli:text",
      "text": "Spell scrolls are magical parchments that can contain one inscribed spell that the user can cast like a true scepter. To craft a scroll, one must first create an empty one that is ready to accept magic.$(br2)Empty spell scrolls can also be found in certain loot chests, providing one of the earliest opportunities to cast spells if you get lucky with exploration."
    },
    {
      "type": "patchouli:text",
      "text": "See the next pages for recipes to make spell scrolls..."
    },
    {
      "type": "amethyst_imbuement:imbuing_recipe",
      "title": "Spell Scroll Imbuing",
      "imbue_a_item": "minecraft:sunflower",
      "imbue_b_item": "minecraft:sunflower",
      "imbue_c_item": "minecraft:sunflower",
      "imbue_d_item": "minecraft:sunflower",
      "craft_a_item": "minecraft:air",
      "craft_b_item": "minecraft:paper",
      "craft_c_item": "minecraft:air",
      "craft_d_item": "minecraft:paper",
      "craft_e_item": "amethyst_imbuement:gem_dust",
      "craft_f_item": "minecraft:paper",
      "craft_g_item": "minecraft:air",
      "craft_h_item": "minecraft:paper",
      "craft_i_item": "minecraft:air",
      "result_item": "amethyst_imbuement:empty_spell_scroll#4",
      "cost_text": "$(l)Level Cost: $(2)9$()"
    },
    {
      "type": "amethyst_imbuement:altar_recipe",
      "anchor": "enhancing_spell_scroll",
      "input_item": "amethyst_imbuement:gem_dust",
      "addition_item": "minecraft:paper",
      "flower_item": "minecraft:sunflower",
      "output_item": "amethyst_imbuement:empty_spell_scroll"
    }   
  ]
}
