{
  "name": "Spell Scroll",
  "icon": "amethyst_imbuement:spell_scroll",
  "category": "amethyst_imbuement:spells",
  "pages": [
    {
      "type": "patchouli:text",
      "text": "Once a spell is bound to an empty scroll, a Spell Scroll can be used like a temporary scepter. Right click to cast the included spell just like with a scepter. The tooltip will indicate the included spell, some important details, and how many uses are left. If used up, the scroll will disappear.$(br2)Spells scrolls are also the method by which spells can be moved between scepters, rather than with enchanted books."
    },
    {
      "type": "amethyst_imbuement:altar_recipe",
      "anchor": "enhancing_spell_scroll",
      "input_item": "amethyst_imbuement:gem_dust,amethyst_imbuement:knowledge_powder",
      "addition_item": "amethyst_imbuement:empty_spell_scroll",
      "flower_item": "amethyst_imbuement:book_of_lore,amethyst_imbuement:book_of_mythos",
      "output_item": "amethyst_imbuement:spell_scroll"
    }
  ]
}
