{    
"name": "智慧建造者路线",
"icon": "amethyst_imbuement:builders_scepter",
"category": "amethyst_imbuement:scepter_sojourn_routes",
"pages": [        
{            
"type": "patchouli:text",            
"text": "沿此路线踏上羁旅之道，精妙地改造你周围的世界。所有与旅行和建造相关的法术得到极大提升，天才符文令智慧法术能够获得$(o)三倍$()施法经验值。法术效果范围略有增加"
},
{
  "type": "amethyst_imbuement:scepter_route",
  "tier_1": "amethyst_imbuement:witty_scepter{modifiers:[{modifier_id:\"amethyst_imbuement:witty\"}]}",
  "tier_2": "amethyst_imbuement:builders_scepter{modifiers:[{modifier_id:\"amethyst_imbuement:builders_aspect\"},{modifier_id:\"amethyst_imbuement:lesser_reach\"},{modifier_id:\"amethyst_imbuement:witty\"}]}",
  "tier_3": "amethyst_imbuement:sojourn{modifiers:[{modifier_id:\"amethyst_imbuement:genius\"},{modifier_id:\"amethyst_imbuement:traveler\"},{modifier_id:\"amethyst_imbuement:builders_aspect\"},{modifier_id:\"amethyst_imbuement:lesser_reach\"}]}",
  "spec": "建造",
  "spells": "探查（特有），光桥",
  "mods": "旅人，建造者，天才，弱效范围"
}
]
}
