{    
"name": "熟练旅人路线",
"icon": "amethyst_imbuement:travelers_scepter",
"category": "amethyst_imbuement:scepter_sojourn_routes",
"pages": [        
{            
"type": "patchouli:text",            
"text": "沿此路线踏上羁旅之道，探索未曾设想过的地方。所有与旅行相关的法术得到极大提升，释放的法术比平时高出一级，所有智慧法术获得双倍施法经验值。"
},
{
  "type": "amethyst_imbuement:scepter_route",
  "tier_1": "amethyst_imbuement:skillful_scepter{modifiers:[{modifier_id:\"amethyst_imbuement:skillful\"}]}",
  "tier_2": "amethyst_imbuement:travelers_scepter{modifiers:[{modifier_id:\"amethyst_imbuement:traveler\"},{modifier_id:\"amethyst_imbuement:skillful\"}]}",
  "tier_3": "amethyst_imbuement:sojourn{modifiers:[{modifier_id:\"amethyst_imbuement:witty\"},{modifier_id:\"amethyst_imbuement:sojourner\"},{modifier_id:\"amethyst_imbuement:skillful\"}]}",
  "spec": "探索",
  "spells": "探查（特有），召唤船，召唤炽足兽",
  "mods": "羁旅者，智慧，熟练"
}
]
}
