{    
"name": "熟练折返路线",
"icon": "amethyst_imbuement:scepter_of_recall",
"category": "amethyst_imbuement:scepter_sojourn_routes",
"pages": [        
{            
"type": "patchouli:text",            
"text": "沿此路线踏上羁旅之道，游行四方的同时始终心系故乡。旅人符文令所有与旅行相关的法术得到提升，释放的法术比平时高出一级，所有智慧法术获得双倍施法经验值。法术效果范围在强效范围符文作用下极大增加。"
},
{
  "type": "amethyst_imbuement:scepter_route",
  "tier_1": "amethyst_imbuement:skillful_scepter{modifiers:[{modifier_id:\"amethyst_imbuement:skillful\"}]}",
  "tier_2": "amethyst_imbuement:scepter_of_recall{modifiers:[{modifier_id:\"amethyst_imbuement:greater_reach\"},{modifier_id:\"amethyst_imbuement:skillful\"}]}",
  "tier_3": "amethyst_imbuement:sojourn{modifiers:[{modifier_id:\"amethyst_imbuement:witty\"},{modifier_id:\"amethyst_imbuement:traveler\"},{modifier_id:\"amethyst_imbuement:greater_reach\"},{modifier_id:\"amethyst_imbuement:skillful\"}]}",
  "spec": "远征",
  "spells": "探查（特有），折返（特有）",
  "mods": "旅人，智慧，熟练，强效范围"
}
]
}
