{    
"name": "全新杂项附魔",    
"icon": "minecraft:bucket",    
"category": "amethyst_imbuement:enchantments",    
"pages": [
{
"type": "patchouli:text",
"text": "对原版附魔的额外添加与升级"
},
{
"type": "patchouli:spotlight",
"title": "无限桶",
"item": "minecraft:enchanted_book{StoredEnchantments:[{id:\"minecraft:infinity\",lvl:1}]}",
"text": "$(l)效果：$()无限附魔现在可用于桶。$(br)$(l)适用于：$() $(#490)弓，桶$()$(br)$(l)最高等级：$() 1 $(br)$(l)稀有度：$()稀有$(br)$(l)不兼容：$()经验修补"
},
{
"type": "patchouli:spotlight",
"title": "连锁采掘",
"item": "minecraft:enchanted_book{StoredEnchantments:[{id:\"amethyst_imbuement:vein_miner\",lvl:3}]}",
"text": "$(l)效果：$()同时挖掘范围内多个方块。$(br)$(l)适用于：$() $(#490)镐、斧、锄、锹$()$(br)$(l)最高等级：$() 3 $(br)$(l)稀有度：$()少见$(br)$(l)不兼容：$()时运"
},
{
"type": "patchouli:spotlight",
"title": "鞘翅与马铠",
"item": "minecraft:elytra,minecraft:iron_horse_armor",
"text": "鞘翅与马铠现在可像盔甲一样在附魔台或注魔台中附魔。这意味着将使用与盔甲相同的附魔如保护，荆棘等。"
},
{
"type": "patchouli:spotlight",
"title": "可被附魔的物品",
"item": "minecraft:shield,minecraft:elytra,minecraft:flint_and_steel,minecraft:shears,minecraft:bucket,minecraft:iron_horse_armor,minecraft:carrot_on_a_stick,minecraft:warped_fungus_on_a_stick",
"text": "以下物品现在可在附魔台和注魔台中附魔：盾牌、鞘翅、打火石、剪刀、桶、马铠、胡萝卜钓竿和诡异菌钓竿。"
}
]
}