{    
"name": "全新盔甲附魔",    
"icon": "amethyst_imbuement:ametrine_boots",    
"category": "amethyst_imbuement:enchantments",    
"pages": [
{
"type": "patchouli:text",
"text": "适用于盔甲和装备的全新附魔。"
},
{
"type": "patchouli:spotlight",
"title": "多段跳",
"item": "minecraft:enchanted_book{StoredEnchantments:[{id:\"amethyst_imbuement:multi_jump\",lvl:1}]}",
"text": "$(l)效果：$()使用者可以在空中二段跳，落地后重置。$(br)$(l)适用于：$() $(#490)靴子$()$(br)$(l)最高等级：$() 1 $(br)$(l)稀有度：$()常见$(br)$(l)不兼容：$()无"
},
{
"type": "patchouli:spotlight",
"title": "夜视",
"item": "minecraft:enchanted_book{StoredEnchantments:[{id:\"amethyst_imbuement:night_vision\",lvl:1}]}",
"text": "$(l)效果：$()给予使用者夜视。$(br)$(l)适用于：$() $(#490)头盔$()$(br)$(l)最高等级：$() 1 $(br)$(l)稀有度：$()稀有$(br)$(l)不兼容：$()水下速掘，水下呼吸"
},
{
"type": "patchouli:spotlight",
"title": "坚定",
"item": "minecraft:enchanted_book{StoredEnchantments:[{id:\"amethyst_imbuement:steadfast\",lvl:3}]}",
"text": "$(l)效果：$()减少敌人伤害造成的击退。$(br)$(l)适用于：$() $(#490)任意盔甲$()$(br)$(l)最高等级：$() 3 $(br)$(l)稀有度：$()少见$(br)$(l)不兼容：$()无"
}
]
}