{    
"name": "Consecrated Augment",
"icon": "amethyst_imbuement:book_of_mythos",    
"category": "amethyst_imbuement:trinket_totem_augments",    
"pages": [        
{            
"type": "patchouli:text",            
"text": "$(l)Effect:$() Blesses the totem holder. Blessed provides extra armor as well as some innate damage resistance.$(br)$(l)Enchants:$() $(l:amethyst_imbuement:trinkets/totem_of_amethyst)Totem of Amethyst$()$(br)$(l)Max Level:$() 2$(br)$(l)Active/Passive:$() Passive$(br)$(l)Tier:$() High(br)$(l)Incompatibilities:$() Other passive totem augments."
},
{
"type": "amethyst_imbuement:imbuing_recipe",
"title": "Consecrated Imbuing",
"anchor": "consecrated",
"imbue_a_item": "amethyst_imbuement:tigers_eye",
"imbue_b_item": "amethyst_imbuement:moonstone",
"imbue_c_item": "amethyst_imbuement:moonstone",
"imbue_d_item": "amethyst_imbuement:tigers_eye",
"craft_a_item": "amethyst_imbuement:dazzling_melon_slice",
"craft_b_item": "minecraft:lily_of_the_valley",
"craft_c_item": "amethyst_imbuement:dazzling_melon_slice",
"craft_d_item": "minecraft:lily_of_the_valley",
"craft_e_item": "amethyst_imbuement:totem_of_amethyst",
"craft_f_item": "minecraft:lily_of_the_valley",
"craft_g_item": "amethyst_imbuement:dazzling_melon_slice",
"craft_h_item": "minecraft:lily_of_the_valley",
"craft_i_item": "amethyst_imbuement:dazzling_melon_slice",
"result_item": "minecraft:enchanted_book{StoredEnchantments:[{id:\"amethyst_imbuement:consecrated\",lvl:1}]}",
"cost_text": "$(l)Level Cost: $(2)25$()"
}
]
}
