{    
"name": "逃脱",    
"icon": "amethyst_imbuement:book_of_lore",    
"category": "amethyst_imbuement:trinket_totem_augments",    
"pages": [        
{            
"type": "patchouli:text",            
"text": "$(l)效果：$()使用图腾时将持有者传送至地表。$(br)$(l)适用于：$() $(l:amethyst_imbuement:trinkets/totem_of_amethyst)紫水晶图腾$()$(br)$(l)最高等级：$() 1$(br)$(l)主动/被动：$()主动，耗尽前若不维修可使用三次$(br)$(l)级别：$()中$(br)$(l)不兼容：$()其他主动图腾强化"
},
{
"type": "amethyst_imbuement:imbuing_recipe",
"title": "注魔：逃脱",
"anchor": "escape",
"imbue_a_item": "amethyst_imbuement:pyrite",
"imbue_b_item": "minecraft:emerald",
"imbue_c_item": "minecraft:emerald",
"imbue_d_item": "minecraft:emerald",
"craft_a_item": "minecraft:ender_pearl",
"craft_b_item": "minecraft:cobblestone",
"craft_c_item": "minecraft:ender_pearl",
"craft_d_item": "minecraft:cobblestone",
"craft_e_item": "amethyst_imbuement:totem_of_amethyst",
"craft_f_item": "minecraft:cobblestone",
"craft_g_item": "minecraft:ender_pearl",
"craft_h_item": "minecraft:cobblestone",
"craft_i_item": "minecraft:ender_pearl",
"result_item": "minecraft:enchanted_book{StoredEnchantments:[{id:\"amethyst_imbuement:escape\",lvl:1}]}",
"cost_text": "$(l)消耗等级：$(2)13$()"
}
]
}