{    
"name": "急迫",    
"icon": "amethyst_imbuement:book_of_lore",    
"category": "amethyst_imbuement:trinket_totem_augments",    
"pages": [        
{            
"type": "patchouli:text",            
"text": "$(l)效果：$()图腾激活时给予持有者急迫。$(br)$(l)适用于：$() $(l:amethyst_imbuement:trinkets/totem_of_amethyst)紫水晶图腾$()$(br)$(l)最高等级：$() 2 $(br)$(l)主动/被动：$()主动，消耗耐久值$(br)$(l)级别：$()低$(br)$(l)不兼容：$()其他主动图腾强化"
},
{
"type": "amethyst_imbuement:imbuing_recipe",
"title": "注魔：急迫",
"anchor": "hasting",
"imbue_a_item": "amethyst_imbuement:energetic_opal",
"imbue_b_item": "minecraft:amethyst_shard",
"imbue_c_item": "minecraft:amethyst_shard",
"imbue_d_item": "minecraft:amethyst_shard",
"craft_a_item": "minecraft:iron_pickaxe",
"craft_b_item": "minecraft:redstone",
"craft_c_item": "minecraft:iron_pickaxe",
"craft_d_item": "minecraft:redstone",
"craft_e_item": "amethyst_imbuement:totem_of_amethyst",
"craft_f_item": "minecraft:redstone",
"craft_g_item": "minecraft:iron_pickaxe",
"craft_h_item": "minecraft:redstone",
"craft_i_item": "minecraft:iron_pickaxe",
"result_item": "minecraft:enchanted_book{StoredEnchantments:[{id:\"amethyst_imbuement:hasting\",lvl:1}]}",
"cost_text": "$(l)消耗等级：$(2)8$()"
}
]
}