{    
"name": "力量",    
"icon": "amethyst_imbuement:book_of_lore",    
"category": "amethyst_imbuement:trinket_totem_augments",    
"pages": [        
{            
"type": "patchouli:text",            
"text": "$(l)效果：$()图腾激活时给予力量效果。$(br)$(l)适用于：$() $(l:amethyst_imbuement:trinkets/totem_of_amethyst)紫水晶图腾$()$(br)$(l)最高等级：$() 2 $(br)$(l)主动/被动：$()主动，消耗耐久值$(br)$(l)级别：$()高$(br)$(l)不兼容：$()其他主动图腾强化"
},
{
"type": "amethyst_imbuement:imbuing_recipe",
"title": "注魔：力量",
"anchor": "strength",
"imbue_a_item": "amethyst_imbuement:garnet",
"imbue_b_item": "amethyst_imbuement:garnet",
"imbue_c_item": "amethyst_imbuement:garnet",
"imbue_d_item": "amethyst_imbuement:garnet",
"craft_a_item": "amethyst_imbuement:steel_ingot",
"craft_b_item": "minecraft:blaze_powder",
"craft_c_item": "amethyst_imbuement:steel_ingot",
"craft_d_item": "minecraft:blaze_powder",
"craft_e_item": "amethyst_imbuement:totem_of_amethyst",
"craft_f_item": "minecraft:blaze_powder",
"craft_g_item": "amethyst_imbuement:steel_ingot",
"craft_h_item": "minecraft:blaze_powder",
"craft_i_item": "amethyst_imbuement:steel_ingot",
"result_item": "minecraft:enchanted_book{StoredEnchantments:[{id:\"amethyst_imbuement:strength\",lvl:1}]}",
"cost_text": "$(l)消耗等级：$(2)11$()"
}
]
}