{    
"name": "不死",    
"icon": "amethyst_imbuement:book_of_mythos",    
"category": "amethyst_imbuement:trinket_totem_augments",    
"pages": [        
{            
"type": "patchouli:text",            
"text": "$(l)效果：$()持有者在死亡时复活并获得临时保护。$(br)$(l)适用于：$() $(l:amethyst_imbuement:trinkets/totem_of_amethyst)紫水晶图腾$()$(br)$(l)最高等级：$() 1$(br)$(l)主动/被动：$()被动，只能使用一次$(br)$(l)级别：$()极高$(br)$(l)不兼容：$()其他被动图腾强化"
},
{
"type": "amethyst_imbuement:imbuing_recipe",
"title": "注魔：不死",
"anchor": "undying",
"imbue_a_item": "amethyst_imbuement:celestine",
"imbue_b_item": "amethyst_imbuement:pyrite",
"imbue_c_item": "amethyst_imbuement:pyrite",
"imbue_d_item": "amethyst_imbuement:pyrite",
"craft_a_item": "minecraft:soul_sand",
"craft_b_item": "minecraft:egg",
"craft_c_item": "minecraft:soul_sand",
"craft_d_item": "minecraft:egg",
"craft_e_item": "amethyst_imbuement:totem_of_amethyst",
"craft_f_item": "minecraft:egg",
"craft_g_item": "minecraft:soul_sand",
"craft_h_item": "minecraft:egg",
"craft_i_item": "minecraft:soul_sand",
"result_item": "minecraft:enchanted_book{StoredEnchantments:[{id:\"amethyst_imbuement:undying\",lvl:1}]}",
"cost_text": "$(l)消耗等级：$(2)18$()"
}
]
}